"game_id","tick","resource","low","high","open","close","market","volume"
2,0,"COAL",0,0,0,0,0,0
2,1,"COAL",0,0,0,0,0,0
2,2,"COAL",0,0,0,0,0,0
2,3,"COAL",0,0,0,0,0,0
2,4,"COAL",0,0,0,0,0,0
2,5,"COAL",0,0,0,0,0,0
2,6,"COAL",0,0,0,0,0,0
2,7,"COAL",0,0,0,0,0,0
2,8,"COAL",0,0,0,0,0,0
2,9,"COAL",0,0,0,0,0,0
2,10,"COAL",0,0,0,0,0,0
2,11,"COAL",0,0,0,0,0,0
2,12,"COAL",0,0,0,0,0,0
2,13,"COAL",0,0,0,0,0,0
2,14,"COAL",0,0,0,0,0,0
2,15,"COAL",0,0,0,0,0,0
2,16,"COAL",0,0,0,0,0,0
2,17,"COAL",0,0,0,0,0,0
2,18,"COAL",0,0,0,0,0,0
2,19,"COAL",0,0,0,0,0,0
2,20,"COAL",0,0,0,0,0,0
2,21,"COAL",0,0,0,0,0,0
2,22,"COAL",0,0,0,0,0,0
2,23,"COAL",0,0,0,0,0,0
2,24,"COAL",0,0,0,0,0,0
2,25,"COAL",0,0,0,0,0,0
2,26,"COAL",0,0,0,0,0,0
2,27,"COAL",0,0,0,0,0,0
2,28,"COAL",0,0,0,0,0,0
2,29,"COAL",0,0,0,0,0,0
2,30,"COAL",0,0,0,0,0,0
2,31,"COAL",0,0,0,0,0,0
2,32,"COAL",0,0,0,0,0,0
2,33,"COAL",0,0,0,0,0,0
2,34,"COAL",0,0,0,0,0,0
2,35,"COAL",0,0,0,0,0,0
2,36,"COAL",0,0,0,0,0,0
2,37,"COAL",0,0,0,0,0,0
2,38,"COAL",0,0,0,0,0,0
2,39,"COAL",0,0,0,0,0,0
2,40,"COAL",0,0,0,0,0,0
2,41,"COAL",0,0,0,0,0,0
2,42,"COAL",0,0,0,0,0,0
2,43,"COAL",0,0,0,0,0,0
2,44,"COAL",0,0,0,0,0,0
2,45,"COAL",0,0,0,0,0,0
2,46,"COAL",0,0,0,0,0,0
2,47,"COAL",0,0,0,0,0,0
2,48,"COAL",0,0,0,0,0,0
2,49,"COAL",0,0,0,0,0,0
2,50,"COAL",0,0,0,0,0,0
2,51,"COAL",0,0,0,0,0,0
2,52,"COAL",0,0,0,0,0,0
2,53,"COAL",0,0,0,0,0,0
2,54,"COAL",0,0,0,0,0,0
2,55,"COAL",0,0,0,0,0,0
2,56,"COAL",0,0,0,0,0,0
2,57,"COAL",3429,3429,3429,3429,3429,1
2,58,"COAL",3429,3429,3429,3429,3429,0
2,59,"COAL",3429,3429,3429,3429,3429,0
2,60,"COAL",3429,3429,3429,3429,3429,0
2,61,"COAL",3429,3429,3429,3429,3429,0
2,62,"COAL",3429,3429,3429,3429,3429,0
2,63,"COAL",3429,3429,3429,3429,3429,0
2,64,"COAL",3429,3429,3429,3429,3429,0
2,65,"COAL",3429,3429,3429,3429,3429,0
2,66,"COAL",3429,3429,3429,3429,3429,0
2,67,"COAL",3429,3429,3429,3429,3429,0
2,68,"COAL",3429,3429,3429,3429,3429,0
2,69,"COAL",3429,3429,3429,3429,3429,0
2,70,"COAL",3429,3429,3429,3429,3429,0
2,71,"COAL",3429,3429,3429,3429,3429,0
2,72,"COAL",3429,3429,3429,3429,3429,0
2,73,"COAL",3429,3429,3429,3429,3429,0
2,74,"COAL",3429,3429,3429,3429,3429,0
2,75,"COAL",3429,3429,3429,3429,3429,0
2,76,"COAL",3429,3429,3429,3429,3429,0
2,77,"COAL",3429,3429,3429,3429,3429,0
2,78,"COAL",3429,3429,3429,3429,3429,0
2,79,"COAL",3429,3429,3429,3429,3429,0
2,80,"COAL",3429,3429,3429,3429,3429,0
2,81,"COAL",3429,3429,3429,3429,3429,0
2,82,"COAL",3415,3415,3415,3415,3415,13
2,83,"COAL",3415,3415,3415,3415,3415,0
2,84,"COAL",3415,3415,3415,3415,3415,0
2,85,"COAL",3411,3411,3411,3411,3411,13
2,86,"COAL",3411,3411,3411,3411,3411,0
2,87,"COAL",3411,3411,3411,3411,3411,0
2,88,"COAL",3411,3411,3411,3411,3411,3
2,89,"COAL",3411,3411,3411,3411,3411,0
2,90,"COAL",3411,3411,3411,3411,3411,6
2,91,"COAL",3411,3411,3411,3411,3411,0
2,92,"COAL",3411,3411,3411,3411,3411,0
2,93,"COAL",3406,3406,3406,3406,3406,4
2,94,"COAL",3406,3406,3406,3406,3406,0
2,95,"COAL",3406,3406,3406,3406,3406,0
2,96,"COAL",3406,3406,3406,3406,3406,0
2,97,"COAL",3406,3406,3406,3406,3406,0
2,98,"COAL",3406,3406,3406,3406,3406,0
2,99,"COAL",3406,3406,3406,3406,3406,0
2,100,"COAL",3406,3406,3406,3406,3406,0
2,101,"COAL",3406,3406,3406,3406,3406,0
2,102,"COAL",3406,3406,3406,3406,3406,0
2,103,"COAL",3398,3398,3398,3398,3398,2
2,104,"COAL",3398,3398,3398,3398,3398,0
2,105,"COAL",3398,3398,3398,3398,3398,7
2,106,"COAL",3398,3398,3398,3398,3398,0
2,107,"COAL",3398,3398,3398,3398,3398,0
2,108,"COAL",3398,3398,3398,3398,3398,6
2,109,"COAL",3398,3398,3398,3398,3398,0
2,110,"COAL",3398,3398,3398,3398,3398,0
2,111,"COAL",3394,3394,3394,3394,3394,4
2,112,"COAL",3394,3394,3394,3394,3394,0
2,113,"COAL",3394,3394,3394,3394,3394,7
2,114,"COAL",3394,3394,3394,3394,3394,0
2,115,"COAL",3394,3394,3394,3394,3394,0
2,116,"COAL",3392,3392,3392,3392,3392,4
2,117,"COAL",3392,3392,3392,3392,3392,0
2,118,"COAL",3392,3392,3392,3392,3392,2
2,119,"COAL",3392,3392,3392,3392,3392,0
2,120,"COAL",3392,3392,3392,3392,3392,0
2,121,"COAL",3391,3391,3391,3391,3391,1
2,122,"COAL",3391,3391,3391,3391,3391,0
2,123,"COAL",3391,3391,3391,3391,3391,0
2,124,"COAL",3391,3391,3391,3391,3391,0
2,125,"COAL",3391,3391,3391,3391,3391,1
2,126,"COAL",3391,3391,3391,3391,3391,2
2,127,"COAL",3391,3391,3391,3391,3391,0
2,128,"COAL",3389,3389,3389,3389,3389,6
2,129,"COAL",3389,3389,3389,3389,3389,0
2,130,"COAL",3389,3389,3389,3389,3389,1
2,131,"COAL",3389,3389,3389,3389,3389,6
2,132,"COAL",3389,3389,3389,3389,3389,0
2,133,"COAL",3388,3388,3388,3388,3388,4
2,134,"COAL",3388,3388,3388,3388,3388,1
2,135,"COAL",3388,3388,3388,3388,3388,0
2,136,"COAL",3388,3388,3388,3388,3388,6
2,137,"COAL",3388,3388,3388,3388,3388,0
2,138,"COAL",3388,3388,3388,3388,3388,1
2,139,"COAL",3388,3388,3388,3388,3388,0
2,140,"COAL",3388,3388,3388,3388,3388,6
2,141,"COAL",3388,3388,3388,3388,3388,0
2,142,"COAL",3388,3388,3388,3388,3388,0
2,143,"COAL",3388,3388,3388,3388,3388,1
2,144,"COAL",3388,3388,3388,3388,3388,0
2,145,"COAL",3388,3388,3388,3388,3388,3
2,146,"COAL",3388,3388,3388,3388,3388,0
2,147,"COAL",3388,3388,3388,3388,3388,1
2,148,"COAL",3388,3388,3388,3388,3388,0
2,149,"COAL",3388,3388,3388,3388,3388,0
2,150,"COAL",3388,3388,3388,3388,3388,0
2,151,"COAL",3387,3387,3387,3387,3387,1
2,152,"COAL",3387,3387,3387,3387,3387,0
2,153,"COAL",3387,3387,3387,3387,3387,0
2,154,"COAL",3387,3387,3387,3387,3387,0
2,155,"COAL",3387,3387,3387,3387,3387,1
2,156,"COAL",3387,3387,3387,3387,3387,0
2,157,"COAL",3387,3387,3387,3387,3387,0
2,158,"COAL",3387,3387,3387,3387,3387,0
2,159,"COAL",3387,3387,3387,3387,3387,1
2,160,"COAL",3387,3387,3387,3387,3387,0
2,161,"COAL",3387,3387,3387,3387,3387,4
2,162,"COAL",3387,3387,3387,3387,3387,0
2,163,"COAL",3386,3386,3386,3386,3386,1
2,164,"COAL",3386,3386,3386,3386,3386,0
2,165,"COAL",3386,3386,3386,3386,3386,0
2,166,"COAL",3386,3386,3386,3386,3386,0
2,167,"COAL",3386,3386,3386,3386,3386,1
2,168,"COAL",3386,3386,3386,3386,3386,0
2,169,"COAL",3386,3386,3386,3386,3386,0
2,170,"COAL",3386,3386,3386,3386,3386,0
2,171,"COAL",3386,3386,3386,3386,3386,0
2,172,"COAL",3386,3386,3386,3386,3386,0
2,173,"COAL",3386,3386,3386,3386,3386,0
2,174,"COAL",3386,3386,3386,3386,3386,0
2,175,"COAL",3386,3386,3386,3386,3386,0
2,176,"COAL",3386,3386,3386,3386,3386,0
2,177,"COAL",3386,3386,3386,3386,3386,0
2,178,"COAL",3386,3386,3386,3386,3386,0
2,179,"COAL",3386,3386,3386,3386,3386,0
2,180,"COAL",3386,3386,3386,3386,3386,0
2,181,"COAL",3386,3386,3386,3386,3386,0
2,182,"COAL",3386,3386,3386,3386,3386,0
2,183,"COAL",3386,3386,3386,3386,3386,0
2,184,"COAL",3386,3386,3386,3386,3386,0
2,185,"COAL",3385,3385,3385,3385,3385,1
2,186,"COAL",3385,3385,3385,3385,3385,0
2,187,"COAL",3385,3385,3385,3385,3385,0
2,188,"COAL",3385,3385,3385,3385,3385,0
2,189,"COAL",3384,3384,3384,3384,3384,1
2,190,"COAL",3384,3384,3384,3384,3384,0
2,191,"COAL",3384,3384,3384,3384,3384,0
2,192,"COAL",3384,3384,3384,3384,3384,0
2,193,"COAL",3384,3384,3384,3384,3384,0
2,194,"COAL",3384,3384,3384,3384,3384,1
2,195,"COAL",3384,3384,3384,3384,3384,0
2,196,"COAL",3384,3384,3384,3384,3384,0
2,197,"COAL",3384,3384,3384,3384,3384,0
2,198,"COAL",3384,3384,3384,3384,3384,1
2,199,"COAL",3384,3384,3384,3384,3384,0
2,200,"COAL",3384,3384,3384,3384,3384,0
2,201,"COAL",3384,3384,3384,3384,3384,0
2,202,"COAL",3383,3383,3383,3383,3383,1
2,203,"COAL",3383,3383,3383,3383,3383,0
2,204,"COAL",3383,3383,3383,3383,3383,0
2,205,"COAL",3383,3383,3383,3383,3383,0
2,206,"COAL",3383,3383,3383,3383,3383,1
2,207,"COAL",3383,3383,3383,3383,3383,0
2,208,"COAL",3383,3383,3383,3383,3383,0
2,209,"COAL",3383,3383,3383,3383,3383,0
2,210,"COAL",3383,3383,3383,3383,3383,1
2,211,"COAL",3383,3383,3383,3383,3383,0
2,212,"COAL",3383,3383,3383,3383,3383,0
2,213,"COAL",3383,3383,3383,3383,3383,0
2,214,"COAL",3382,3382,3382,3382,3382,1
2,215,"COAL",3382,3382,3382,3382,3382,0
2,216,"COAL",3382,3382,3382,3382,3382,0
2,217,"COAL",3382,3382,3382,3382,3382,0
2,218,"COAL",3382,3382,3382,3382,3382,1
2,219,"COAL",3382,3382,3382,3382,3382,0
2,220,"COAL",3382,3382,3382,3382,3382,0
2,221,"COAL",3382,3382,3382,3382,3382,0
2,222,"COAL",3382,3382,3382,3382,3382,1
2,223,"COAL",3382,3382,3382,3382,3382,0
2,224,"COAL",3382,3382,3382,3382,3382,0
2,225,"COAL",3382,3382,3382,3382,3382,0
2,226,"COAL",3382,3382,3382,3382,3382,0
2,227,"COAL",3381,3381,3381,3381,3381,1
2,228,"COAL",3381,3381,3381,3381,3381,0
2,229,"COAL",3381,3381,3381,3381,3381,0
2,230,"COAL",3381,3381,3381,3381,3381,0
2,231,"COAL",3381,3381,3381,3381,3381,1
2,232,"COAL",3381,3381,3381,3381,3381,0
2,233,"COAL",3381,3381,3381,3381,3381,0
2,234,"COAL",3381,3381,3381,3381,3381,0
2,235,"COAL",3381,3381,3381,3381,3381,1
2,236,"COAL",3381,3381,3381,3381,3381,0
2,237,"COAL",3381,3381,3381,3381,3381,0
2,238,"COAL",3381,3381,3381,3381,3381,0
2,239,"COAL",3381,3381,3381,3381,3381,1
2,240,"COAL",3381,3381,3381,3381,3381,0
2,241,"COAL",3381,3381,3381,3381,3381,0
2,242,"COAL",3381,3381,3381,3381,3381,0
2,243,"COAL",3381,3381,3381,3381,3381,1
2,244,"COAL",3381,3381,3381,3381,3381,0
2,245,"COAL",3381,3381,3381,3381,3381,0
2,246,"COAL",3381,3381,3381,3381,3381,0
2,247,"COAL",3381,3381,3381,3381,3381,1
2,248,"COAL",3381,3381,3381,3381,3381,0
2,249,"COAL",3381,3381,3381,3381,3381,0
2,250,"COAL",3381,3381,3381,3381,3381,0
2,251,"COAL",3381,3381,3381,3381,3381,1
2,252,"COAL",3381,3381,3381,3381,3381,0
2,253,"COAL",3381,3381,3381,3381,3381,0
2,254,"COAL",3381,3381,3381,3381,3381,0
2,255,"COAL",3381,3381,3381,3381,3381,0
2,256,"COAL",3381,3381,3381,3381,3381,1
2,257,"COAL",3381,3381,3381,3381,3381,0
2,258,"COAL",3381,3381,3381,3381,3381,0
2,259,"COAL",3381,3381,3381,3381,3381,0
2,260,"COAL",3381,3381,3381,3381,3381,1
2,261,"COAL",3381,3381,3381,3381,3381,0
2,262,"COAL",3381,3381,3381,3381,3381,0
2,263,"COAL",3381,3381,3381,3381,3381,1
2,264,"COAL",3381,3381,3381,3381,3381,0
2,265,"COAL",3381,3381,3381,3381,3381,0
2,266,"COAL",3381,3381,3381,3381,3381,0
2,267,"COAL",3381,3381,3381,3381,3381,0
2,268,"COAL",3381,3381,3381,3381,3381,0
2,269,"COAL",3381,3381,3381,3381,3381,0
2,270,"COAL",3381,3381,3381,3381,3381,0
2,271,"COAL",3381,3381,3381,3381,3381,0
2,272,"COAL",3381,3381,3381,3381,3381,0
2,273,"COAL",3381,3381,3381,3381,3381,0
2,274,"COAL",3381,3381,3381,3381,3381,0
2,275,"COAL",3381,3381,3381,3381,3381,0
2,276,"COAL",3381,3381,3381,3381,3381,0
2,277,"COAL",3381,3381,3381,3381,3381,0
2,278,"COAL",3381,3381,3381,3381,3381,0
2,279,"COAL",3381,3381,3381,3381,3381,0
2,280,"COAL",3381,3381,3381,3381,3381,0
2,281,"COAL",3381,3381,3381,3381,3381,0
2,282,"COAL",3381,3381,3381,3381,3381,0
2,283,"COAL",3381,3381,3381,3381,3381,0
2,284,"COAL",3381,3381,3381,3381,3381,0
2,285,"COAL",3381,3381,3381,3381,3381,0
2,286,"COAL",3381,3381,3381,3381,3381,0
2,287,"COAL",3381,3381,3381,3381,3381,0
2,288,"COAL",3381,3381,3381,3381,3381,0
2,289,"COAL",3381,3381,3381,3381,3381,0
2,290,"COAL",3381,3381,3381,3381,3381,0
2,291,"COAL",3381,3381,3381,3381,3381,0
2,292,"COAL",3381,3381,3381,3381,3381,0
2,293,"COAL",3381,3381,3381,3381,3381,0
2,294,"COAL",3381,3381,3381,3381,3381,0
2,295,"COAL",3381,3381,3381,3381,3381,0
2,296,"COAL",3381,3381,3381,3381,3381,0
2,297,"COAL",3381,3381,3381,3381,3381,0
2,298,"COAL",3381,3381,3381,3381,3381,0
2,299,"COAL",3381,3381,3381,3381,3381,0
2,300,"COAL",3381,3381,3381,3381,3381,0
2,301,"COAL",3381,3381,3381,3381,3381,0
2,302,"COAL",3381,3381,3381,3381,3381,0
2,303,"COAL",3381,3381,3381,3381,3381,0
2,304,"COAL",3381,3381,3381,3381,3381,0
2,305,"COAL",3381,3381,3381,3381,3381,0
2,306,"COAL",3381,3381,3381,3381,3381,0
2,307,"COAL",3381,3381,3381,3381,3381,0
2,308,"COAL",3381,3381,3381,3381,3381,0
2,309,"COAL",3378,3378,3378,3378,3378,2
2,310,"COAL",3378,3378,3378,3378,3378,0
2,311,"COAL",3378,3378,3378,3378,3378,0
2,312,"COAL",3378,3378,3378,3378,3378,0
2,313,"COAL",3378,3378,3378,3378,3378,0
2,314,"COAL",3378,3378,3378,3378,3378,0
2,315,"COAL",3378,3378,3378,3378,3378,0
2,316,"COAL",3378,3378,3378,3378,3378,0
2,317,"COAL",3378,3378,3378,3378,3378,0
2,318,"COAL",3378,3378,3378,3378,3378,0
2,319,"COAL",3378,3378,3378,3378,3378,0
2,320,"COAL",3378,3378,3378,3378,3378,0
2,321,"COAL",3377,3377,3377,3377,3377,2
2,322,"COAL",3377,3377,3377,3377,3377,0
2,323,"COAL",3377,3377,3377,3377,3377,0
2,324,"COAL",3377,3377,3377,3377,3377,0
2,325,"COAL",3377,3377,3377,3377,3377,0
2,326,"COAL",3377,3377,3377,3377,3377,0
2,327,"COAL",3377,3377,3377,3377,3377,0
2,328,"COAL",3377,3377,3377,3377,3377,0
2,329,"COAL",3377,3377,3377,3377,3377,0
2,330,"COAL",3377,3377,3377,3377,3377,0
2,331,"COAL",3377,3377,3377,3377,3377,0
2,332,"COAL",3377,3377,3377,3377,3377,0
2,333,"COAL",3377,3377,3377,3377,3377,0
2,334,"COAL",3377,3377,3377,3377,3377,0
2,335,"COAL",3377,3377,3377,3377,3377,0
2,336,"COAL",3377,3377,3377,3377,3377,0
2,337,"COAL",3377,3377,3377,3377,3377,0
2,338,"COAL",3377,3377,3377,3377,3377,0
2,339,"COAL",3377,3377,3377,3377,3377,0
2,340,"COAL",3377,3377,3377,3377,3377,0
2,341,"COAL",3375,3375,3375,3375,3375,1
2,342,"COAL",3375,3375,3375,3375,3375,0
2,343,"COAL",3375,3375,3375,3375,3375,0
2,344,"COAL",3375,3375,3375,3375,3375,0
2,345,"COAL",3375,3375,3375,3375,3375,0
2,346,"COAL",3375,3375,3375,3375,3375,0
2,347,"COAL",3375,3375,3375,3375,3375,1
2,348,"COAL",3375,3375,3375,3375,3375,0
2,349,"COAL",3374,3374,3374,3374,3374,1
2,350,"COAL",3374,3374,3374,3374,3374,0
2,351,"COAL",3374,3374,3374,3374,3374,0
2,352,"COAL",3374,3374,3374,3374,3374,0
2,353,"COAL",3374,3374,3374,3374,3374,1
2,354,"COAL",3374,3374,3374,3374,3374,0
2,355,"COAL",3374,3374,3374,3374,3374,0
2,356,"COAL",3374,3374,3374,3374,3374,0
2,357,"COAL",3374,3374,3374,3374,3374,1
2,358,"COAL",3374,3374,3374,3374,3374,0
2,359,"COAL",3374,3374,3374,3374,3374,0
2,360,"COAL",3374,3374,3374,3374,3374,0
2,361,"COAL",3374,3374,3374,3374,3374,0
2,362,"COAL",3374,3374,3374,3374,3374,0
2,363,"COAL",3374,3374,3374,3374,3374,0
2,364,"COAL",3373,3373,3373,3373,3373,1
2,365,"COAL",3373,3373,3373,3373,3373,0
2,366,"COAL",3373,3373,3373,3373,3373,0
2,367,"COAL",3373,3373,3373,3373,3373,0
2,368,"COAL",3373,3373,3373,3373,3373,1
2,369,"COAL",3373,3373,3373,3373,3373,0
2,370,"COAL",3373,3373,3373,3373,3373,0
2,371,"COAL",3373,3373,3373,3373,3373,0
2,372,"COAL",3373,3373,3373,3373,3373,1
2,373,"COAL",3373,3373,3373,3373,3373,0
2,374,"COAL",3373,3373,3373,3373,3373,0
2,375,"COAL",3373,3373,3373,3373,3373,0
2,376,"COAL",3373,3373,3373,3373,3373,0
2,377,"COAL",3372,3372,3372,3372,3372,1
2,378,"COAL",3372,3372,3372,3372,3372,1
2,379,"COAL",3372,3372,3372,3372,3372,0
2,380,"COAL",3372,3372,3372,3372,3372,0
2,381,"COAL",3372,3372,3372,3372,3372,0
2,382,"COAL",3372,3372,3372,3372,3372,0
2,383,"COAL",3372,3372,3372,3372,3372,1
2,384,"COAL",3372,3372,3372,3372,3372,0
2,385,"COAL",3372,3372,3372,3372,3372,0
2,386,"COAL",3372,3372,3372,3372,3372,0
2,387,"COAL",3372,3372,3372,3372,3372,1
2,388,"COAL",3372,3372,3372,3372,3372,0
2,389,"COAL",3372,3372,3372,3372,3372,0
2,390,"COAL",3372,3372,3372,3372,3372,0
2,391,"COAL",3372,3372,3372,3372,3372,0
2,392,"COAL",3372,3372,3372,3372,3372,0
2,393,"COAL",3372,3372,3372,3372,3372,0
2,394,"COAL",3371,3371,3371,3371,3371,1
2,395,"COAL",3371,3371,3371,3371,3371,0
2,396,"COAL",3371,3371,3371,3371,3371,1
2,397,"COAL",3371,3371,3371,3371,3371,0
2,398,"COAL",3371,3371,3371,3371,3371,0
2,399,"COAL",3371,3371,3371,3371,3371,0
2,400,"COAL",3371,3371,3371,3371,3371,1
2,401,"COAL",3371,3371,3371,3371,3371,0
2,402,"COAL",3371,3371,3371,3371,3371,0
2,403,"COAL",3371,3371,3371,3371,3371,2
2,404,"COAL",3371,3371,3371,3371,3371,1
2,405,"COAL",3371,3371,3371,3371,3371,0
2,406,"COAL",3371,3371,3371,3371,3371,0
2,407,"COAL",3371,3371,3371,3371,3371,0
2,408,"COAL",3371,3371,3371,3371,3371,0
2,409,"COAL",3371,3371,3371,3371,3371,0
2,410,"COAL",3371,3371,3371,3371,3371,0
2,411,"COAL",3371,3371,3371,3371,3371,1
2,412,"COAL",3371,3371,3371,3371,3371,0
2,413,"COAL",3371,3371,3371,3371,3371,0
2,414,"COAL",3371,3371,3371,3371,3371,0
2,415,"COAL",3371,3371,3371,3371,3371,0
2,416,"COAL",3370,3370,3370,3370,3370,1
2,417,"COAL",3370,3370,3370,3370,3370,0
2,418,"COAL",3370,3370,3370,3370,3370,1
2,419,"COAL",3370,3370,3370,3370,3370,0
2,420,"COAL",3370,3370,3370,3370,3370,0
2,421,"COAL",3370,3370,3370,3370,3370,0
2,422,"COAL",3370,3370,3370,3370,3370,0
2,423,"COAL",3370,3370,3370,3370,3370,0
2,424,"COAL",3368,3368,3368,3368,3368,1
2,425,"COAL",3368,3368,3368,3368,3368,0
2,426,"COAL",3368,3368,3368,3368,3368,1
2,427,"COAL",3367,3367,3367,3367,3367,2
2,428,"COAL",3367,3367,3367,3367,3367,2
2,429,"COAL",3367,3367,3367,3367,3367,2
2,430,"COAL",3367,3367,3367,3367,3367,0
2,431,"COAL",3367,3367,3367,3367,3367,0
2,432,"COAL",3367,3367,3367,3367,3367,0
2,433,"COAL",3364,3364,3364,3364,3364,1
2,434,"COAL",3364,3364,3364,3364,3364,0
2,435,"COAL",3364,3364,3364,3364,3364,1
2,436,"COAL",3364,3364,3364,3364,3364,0
2,437,"COAL",3364,3364,3364,3364,3364,0
2,438,"COAL",3364,3364,3364,3364,3364,0
2,439,"COAL",3364,3364,3364,3364,3364,0
2,440,"COAL",3364,3364,3364,3364,3364,0
2,441,"COAL",3361,3361,3361,3361,3361,1
2,442,"COAL",3361,3361,3361,3361,3361,0
2,443,"COAL",3361,3361,3361,3361,3361,0
2,444,"COAL",3361,3361,3361,3361,3361,1
2,445,"COAL",3361,3361,3361,3361,3361,0
2,446,"COAL",3361,3361,3361,3361,3361,0
2,447,"COAL",3361,3361,3361,3361,3361,0
2,448,"COAL",3358,3358,3358,3358,3358,1
2,449,"COAL",3358,3358,3358,3358,3358,0
2,450,"COAL",3358,3358,3358,3358,3358,0
2,451,"COAL",3358,3358,3358,3358,3358,0
2,452,"COAL",3358,3358,3358,3358,3358,0
2,453,"COAL",3358,3358,3358,3358,3358,0
2,454,"COAL",3354,3354,3354,3354,3354,1
2,455,"COAL",3354,3354,3354,3354,3354,0
2,456,"COAL",3354,3354,3354,3354,3354,0
2,457,"COAL",3354,3354,3354,3354,3354,0
2,458,"COAL",3350,3350,3350,3350,3350,1
2,459,"COAL",3350,3350,3350,3350,3350,0
2,460,"COAL",3350,3350,3350,3350,3350,0
2,461,"COAL",3350,3350,3350,3350,3350,0
2,462,"COAL",3350,3350,3350,3350,3350,1
2,463,"COAL",3350,3350,3350,3350,3350,0
2,464,"COAL",3350,3350,3350,3350,3350,0
2,465,"COAL",3350,3350,3350,3350,3350,0
2,466,"COAL",3344,3344,3344,3344,3344,1
2,467,"COAL",3344,3344,3344,3344,3344,0
2,468,"COAL",3344,3344,3344,3344,3344,0
2,469,"COAL",3344,3344,3344,3344,3344,0
2,470,"COAL",3344,3344,3344,3344,3344,0
2,471,"COAL",3337,3337,3337,3337,3337,1
2,472,"COAL",3337,3337,3337,3337,3337,0
2,473,"COAL",3337,3337,3337,3337,3337,0
2,474,"COAL",3337,3337,3337,3337,3337,0
2,475,"COAL",3329,3329,3329,3329,3329,1
2,476,"COAL",3329,3329,3329,3329,3329,0
2,477,"COAL",3329,3329,3329,3329,3329,0
2,478,"COAL",3329,3329,3329,3329,3329,0
2,479,"COAL",3329,3329,3329,3329,3329,1
2,480,"COAL",3329,3329,3329,3329,3329,0
2,481,"COAL",3329,3329,3329,3329,3329,1
2,482,"COAL",3319,3319,3319,3319,3319,14
2,483,"COAL",3319,3319,3319,3319,3319,0
2,484,"COAL",3319,3319,3319,3319,3319,0
2,485,"COAL",3319,3319,3319,3319,3319,0
2,486,"COAL",3319,3319,3319,3319,3319,0
2,487,"COAL",3319,3319,3319,3319,3319,0
2,488,"COAL",3309,3309,3309,3309,3309,1
2,489,"COAL",3309,3309,3309,3309,3309,0
2,490,"COAL",3309,3309,3309,3309,3309,0
2,491,"COAL",3309,3309,3309,3309,3309,0
2,492,"COAL",3309,3309,3309,3309,3309,1
2,493,"COAL",3297,3297,3297,3297,3297,1
2,494,"COAL",3297,3297,3297,3297,3297,0
2,495,"COAL",3297,3297,3297,3297,3297,0
2,496,"COAL",3297,3297,3297,3297,3297,2
2,497,"COAL",3297,3297,3297,3297,3297,1
2,498,"COAL",3297,3297,3297,3297,3297,0
2,499,"COAL",3297,3297,3297,3297,3297,0
2,500,"COAL",3297,3297,3297,3297,3297,0
2,501,"COAL",3297,3297,3297,3297,3297,0
2,502,"COAL",3297,3297,3297,3297,3297,0
2,503,"COAL",3297,3297,3297,3297,3297,0
2,504,"COAL",3283,3283,3283,3283,3283,1
2,505,"COAL",3283,3283,3283,3283,3283,0
2,506,"COAL",3283,3283,3283,3283,3283,0
2,507,"COAL",3283,3283,3283,3283,3283,0
2,508,"COAL",3269,3269,3269,3269,3269,1
2,509,"COAL",3269,3269,3269,3269,3269,0
2,510,"COAL",3269,3269,3269,3269,3269,0
2,511,"COAL",3269,3269,3269,3269,3269,0
2,512,"COAL",3254,3254,3254,3254,3254,1
2,513,"COAL",3254,3254,3254,3254,3254,0
2,514,"COAL",3254,3254,3254,3254,3254,1
2,515,"COAL",3254,3254,3254,3254,3254,0
2,516,"COAL",3254,3254,3254,3254,3254,0
2,517,"COAL",3254,3254,3254,3254,3254,0
2,518,"COAL",3254,3254,3254,3254,3254,0
2,519,"COAL",3254,3254,3254,3254,3254,0
2,520,"COAL",3240,3240,3240,3240,3240,1
2,521,"COAL",3240,3240,3240,3240,3240,0
2,522,"COAL",3240,3240,3240,3240,3240,1
2,523,"COAL",3240,3240,3240,3240,3240,0
2,524,"COAL",3240,3240,3240,3240,3240,0
2,525,"COAL",3240,3240,3240,3240,3240,0
2,526,"COAL",3240,3240,3240,3240,3240,0
2,527,"COAL",3240,3240,3240,3240,3240,0
2,528,"COAL",3240,3240,3240,3240,3240,0
2,529,"COAL",3211,3211,3211,3211,3211,1
2,530,"COAL",3211,3211,3211,3211,3211,1
2,531,"COAL",3211,3211,3211,3211,3211,14
2,532,"COAL",3211,3211,3211,3211,3211,2
2,533,"COAL",3211,3211,3211,3211,3211,0
2,534,"COAL",3211,3211,3211,3211,3211,3
2,535,"COAL",3198,3198,3198,3198,3198,2
2,536,"COAL",3198,3198,3198,3198,3198,2
2,537,"COAL",3198,3198,3198,3198,3198,2
2,538,"COAL",3198,3198,3198,3198,3198,2
2,539,"COAL",3198,3198,3198,3198,3198,2
2,540,"COAL",3198,3198,3198,3198,3198,0
2,541,"COAL",3187,3187,3187,3187,3187,2
2,542,"COAL",3187,3187,3187,3187,3187,4
2,543,"COAL",3187,3187,3187,3187,3187,3
2,544,"COAL",3187,3187,3187,3187,3187,1
2,545,"COAL",3187,3187,3187,3187,3187,2
2,546,"COAL",3187,3187,3187,3187,3187,2
2,547,"COAL",3178,3178,3178,3178,3178,2
2,548,"COAL",3178,3178,3178,3178,3178,2
2,549,"COAL",3178,3178,3178,3178,3178,2
2,550,"COAL",3178,3178,3178,3178,3178,1
2,551,"COAL",3178,3178,3178,3178,3178,2
2,552,"COAL",3178,3178,3178,3178,3178,2
2,553,"COAL",3170,3170,3170,3170,3170,2
2,554,"COAL",3170,3170,3170,3170,3170,2
2,555,"COAL",3170,3170,3170,3170,3170,2
2,556,"COAL",3170,3170,3170,3170,3170,0
2,557,"COAL",3170,3170,3170,3170,3170,4
2,558,"COAL",3170,3170,3170,3170,3170,0
2,559,"COAL",3170,3170,3170,3170,3170,0
2,560,"COAL",3170,3170,3170,3170,3170,0
2,561,"COAL",3166,3166,3166,3166,3166,6
2,562,"COAL",3166,3166,3166,3166,3166,0
2,563,"COAL",3166,3166,3166,3166,3166,0
2,564,"COAL",3166,3166,3166,3166,3166,0
2,565,"COAL",3165,3165,3165,3165,3165,8
2,566,"COAL",3165,3165,3165,3165,3165,0
2,567,"COAL",3165,3165,3165,3165,3165,1
2,568,"COAL",3165,3165,3165,3165,3165,0
2,569,"COAL",3165,3165,3165,3165,3165,1
2,570,"COAL",3165,3165,3165,3165,3165,0
2,571,"COAL",3165,3165,3165,3165,3165,0
2,572,"COAL",3165,3165,3165,3165,3165,0
2,573,"COAL",3166,3166,3166,3166,3166,1
2,574,"COAL",3166,3166,3166,3166,3166,15
2,575,"COAL",3166,3166,3166,3166,3166,0
2,576,"COAL",3166,3166,3166,3166,3166,0
2,577,"COAL",3166,3166,3166,3166,3166,0
2,578,"COAL",3166,3166,3166,3166,3166,0
2,579,"COAL",3166,3166,3166,3166,3166,0
2,580,"COAL",3170,3170,3170,3170,3170,1
2,581,"COAL",3170,3170,3170,3170,3170,0
2,582,"COAL",3170,3170,3170,3170,3170,0
2,583,"COAL",3170,3170,3170,3170,3170,0
2,584,"COAL",3170,3170,3170,3170,3170,0
2,585,"COAL",3170,3170,3170,3170,3170,0
2,586,"COAL",3170,3170,3170,3170,3170,0
2,587,"COAL",3170,3170,3170,3170,3170,0
2,588,"COAL",3175,3175,3175,3175,3175,1
2,589,"COAL",3225,3225,3225,3225,3225,24
2,590,"COAL",3179,3179,3179,3179,3179,1
2,591,"COAL",3179,3179,3179,3179,3179,0
2,592,"COAL",3179,3179,3179,3179,3179,0
2,593,"COAL",3179,3179,3179,3179,3179,0
2,594,"COAL",3179,3179,3179,3179,3179,0
2,595,"COAL",3179,3179,3179,3179,3179,0
2,596,"COAL",3183,3183,3183,3183,3183,1
2,597,"COAL",3183,3183,3183,3183,3183,0
2,598,"COAL",3183,3183,3183,3183,3183,1
2,599,"COAL",3183,3183,3183,3183,3183,0
2,600,"COAL",3183,3183,3183,3183,3183,1
2,601,"COAL",3183,3183,3183,3183,3183,0
2,602,"COAL",3188,3188,3188,3188,3188,1
2,603,"COAL",3188,3188,3188,3188,3188,0
2,604,"COAL",3188,3188,3188,3188,3188,1
2,605,"COAL",3188,3188,3188,3188,3188,0
2,606,"COAL",3188,3188,3188,3188,3188,1
2,607,"COAL",3188,3188,3188,3188,3188,0
2,608,"COAL",3191,3191,3191,3191,3191,1
2,609,"COAL",3191,3191,3191,3191,3191,0
2,610,"COAL",3191,3191,3191,3191,3191,1
2,611,"COAL",3191,3191,3191,3191,3191,0
2,612,"COAL",3191,3191,3191,3191,3191,30
2,613,"COAL",3191,3191,3191,3191,3191,0
2,614,"COAL",3191,3191,3191,3191,3191,0
2,615,"COAL",3194,3194,3194,3194,3194,1
2,616,"COAL",3194,3194,3194,3194,3194,0
2,617,"COAL",3194,3194,3194,3194,3194,1
2,618,"COAL",3194,3194,3194,3194,3194,1
2,619,"COAL",3194,3194,3194,3194,3194,0
2,620,"COAL",3195,3195,3195,3195,3195,1
2,621,"COAL",3195,3195,3195,3195,3195,0
2,622,"COAL",3195,3195,3195,3195,3195,0
2,623,"COAL",3195,3195,3195,3195,3195,1
2,624,"COAL",3195,3195,3195,3195,3195,0
2,625,"COAL",3195,3195,3195,3195,3195,0
2,626,"COAL",3195,3195,3195,3195,3195,0
2,627,"COAL",3196,3196,3196,3196,3196,1
2,628,"COAL",3196,3196,3196,3196,3196,0
2,629,"COAL",3196,3196,3196,3196,3196,0
2,630,"COAL",3196,3196,3196,3196,3196,1
2,631,"COAL",3196,3196,3196,3196,3196,0
2,632,"COAL",3196,3196,3196,3196,3196,0
2,633,"COAL",3196,3196,3196,3196,3196,1
2,634,"COAL",3196,3196,3196,3196,3196,1
2,635,"COAL",3196,3196,3196,3196,3196,0
2,636,"COAL",3196,3196,3196,3196,3196,1
2,637,"COAL",3196,3196,3196,3196,3196,0
2,638,"COAL",3196,3196,3196,3196,3196,0
2,639,"COAL",3197,3197,3197,3197,3197,1
2,640,"COAL",3197,3197,3197,3197,3197,0
2,641,"COAL",3197,3197,3197,3197,3197,0
2,642,"COAL",3197,3197,3197,3197,3197,1
2,643,"COAL",3198,3198,3198,3198,3198,30
2,644,"COAL",3198,3198,3198,3198,3198,1
2,645,"COAL",3198,3198,3198,3198,3198,0
2,646,"COAL",3198,3198,3198,3198,3198,1
2,647,"COAL",3198,3198,3198,3198,3198,0
2,648,"COAL",3198,3198,3198,3198,3198,0
2,649,"COAL",3198,3198,3198,3198,3198,1
2,650,"COAL",3198,3198,3198,3198,3198,1
2,651,"COAL",3198,3198,3198,3198,3198,0
2,652,"COAL",3198,3198,3198,3198,3198,0
2,653,"COAL",3198,3198,3198,3198,3198,1
2,654,"COAL",3198,3198,3198,3198,3198,0
2,655,"COAL",3198,3198,3198,3198,3198,0
2,656,"COAL",3198,3198,3198,3198,3198,0
2,657,"COAL",3199,3199,3199,3199,3199,1
2,658,"COAL",3199,3199,3199,3199,3199,0
2,659,"COAL",3199,3199,3199,3199,3199,1
2,660,"COAL",3199,3199,3199,3199,3199,0
2,661,"COAL",3199,3199,3199,3199,3199,0
2,662,"COAL",3199,3199,3199,3199,3199,1
2,663,"COAL",3199,3199,3199,3199,3199,0
2,664,"COAL",3199,3199,3199,3199,3199,0
2,665,"COAL",3199,3199,3199,3199,3199,1
2,666,"COAL",3199,3199,3199,3199,3199,0
2,667,"COAL",3199,3199,3199,3199,3199,0
2,668,"COAL",3199,3199,3199,3199,3199,0
2,669,"COAL",3199,3199,3199,3199,3199,0
2,670,"COAL",3199,3199,3199,3199,3199,0
2,671,"COAL",3200,3200,3200,3200,3200,1
2,672,"COAL",3200,3200,3200,3200,3200,31
2,673,"COAL",3200,3200,3200,3200,3200,0
2,674,"COAL",3200,3200,3200,3200,3200,0
2,675,"COAL",3200,3200,3200,3200,3200,1
2,676,"COAL",3200,3200,3200,3200,3200,0
2,677,"COAL",3200,3200,3200,3200,3200,1
2,678,"COAL",3200,3200,3200,3200,3200,0
2,679,"COAL",3200,3200,3200,3200,3200,1
2,680,"COAL",3200,3200,3200,3200,3200,0
2,681,"COAL",3200,3200,3200,3200,3200,0
2,682,"COAL",3200,3200,3200,3200,3200,1
2,683,"COAL",3200,3200,3200,3200,3200,1
2,684,"COAL",3200,3200,3200,3200,3200,0
2,685,"COAL",3200,3200,3200,3200,3200,1
2,686,"COAL",3200,3200,3200,3200,3200,0
2,687,"COAL",3200,3200,3200,3200,3200,0
2,688,"COAL",3200,3200,3200,3200,3200,1
2,689,"COAL",3200,3200,3200,3200,3200,0
2,690,"COAL",3200,3200,3200,3200,3200,0
2,691,"COAL",3200,3200,3200,3200,3200,1
2,692,"COAL",3200,3200,3200,3200,3200,1
2,693,"COAL",3200,3200,3200,3200,3200,0
2,694,"COAL",3200,3200,3200,3200,3200,0
2,695,"COAL",3200,3200,3200,3200,3200,1
2,696,"COAL",3200,3200,3200,3200,3200,0
2,697,"COAL",3200,3200,3200,3200,3200,0
2,698,"COAL",3199,3199,3199,3199,3199,1
2,699,"COAL",3199,3199,3199,3199,3199,0
2,700,"COAL",3199,3199,3199,3199,3199,1
2,701,"COAL",3199,3199,3199,3199,3199,0
2,702,"COAL",3199,3199,3199,3199,3199,31
2,703,"COAL",3199,3199,3199,3199,3199,0
2,704,"COAL",3199,3199,3199,3199,3199,1
2,705,"COAL",3199,3199,3199,3199,3199,0
2,706,"COAL",3199,3199,3199,3199,3199,0
2,707,"COAL",3199,3199,3199,3199,3199,0
2,708,"COAL",3199,3199,3199,3199,3199,1
2,709,"COAL",3199,3199,3199,3199,3199,0
2,710,"COAL",3199,3199,3199,3199,3199,0
2,711,"COAL",3198,3198,3198,3198,3198,1
2,712,"COAL",3198,3198,3198,3198,3198,0
2,713,"COAL",3198,3198,3198,3198,3198,1
2,714,"COAL",3198,3198,3198,3198,3198,0
2,715,"COAL",3197,3197,3197,3197,3197,1
2,716,"COAL",3197,3197,3197,3197,3197,1
2,717,"COAL",3197,3197,3197,3197,3197,0
2,718,"COAL",3197,3197,3197,3197,3197,0
2,719,"COAL",3197,3197,3197,3197,3197,1
2,720,"COAL",3197,3197,3197,3197,3197,0
2,721,"COAL",3195,3195,3195,3195,3195,1
2,722,"COAL",3195,3195,3195,3195,3195,0
2,723,"COAL",3195,3195,3195,3195,3195,1
2,724,"COAL",3195,3195,3195,3195,3195,0
2,725,"COAL",3195,3195,3195,3195,3195,1
2,726,"COAL",3195,3195,3195,3195,3195,0
2,727,"COAL",3192,3192,3192,3192,3192,1
2,728,"COAL",3192,3192,3192,3192,3192,0
2,729,"COAL",3192,3192,3192,3192,3192,0
2,730,"COAL",3192,3192,3192,3192,3192,1
2,731,"COAL",3192,3192,3192,3192,3192,0
2,732,"COAL",3192,3192,3192,3192,3192,31
2,733,"COAL",3192,3192,3192,3192,3192,0
2,734,"COAL",3189,3189,3189,3189,3189,1
2,735,"COAL",3189,3189,3189,3189,3189,0
2,736,"COAL",3189,3189,3189,3189,3189,1
2,737,"COAL",3189,3189,3189,3189,3189,0
2,738,"COAL",3189,3189,3189,3189,3189,1
2,739,"COAL",3189,3189,3189,3189,3189,0
2,740,"COAL",3186,3186,3186,3186,3186,1
2,741,"COAL",3186,3186,3186,3186,3186,0
2,742,"COAL",3186,3186,3186,3186,3186,1
2,743,"COAL",3186,3186,3186,3186,3186,0
2,744,"COAL",3186,3186,3186,3186,3186,1
2,745,"COAL",3186,3186,3186,3186,3186,0
2,746,"COAL",3182,3182,3182,3182,3182,1
2,747,"COAL",3182,3182,3182,3182,3182,0
2,748,"COAL",3182,3182,3182,3182,3182,1
2,749,"COAL",3182,3182,3182,3182,3182,0
2,750,"COAL",3182,3182,3182,3182,3182,1
2,751,"COAL",3182,3182,3182,3182,3182,0
2,752,"COAL",3178,3178,3178,3178,3178,1
2,753,"COAL",3178,3178,3178,3178,3178,0
2,754,"COAL",3178,3178,3178,3178,3178,1
2,755,"COAL",3178,3178,3178,3178,3178,0
2,756,"COAL",3178,3178,3178,3178,3178,1
2,757,"COAL",3178,3178,3178,3178,3178,0
2,758,"COAL",3175,3175,3175,3175,3175,1
2,759,"COAL",3175,3175,3175,3175,3175,0
2,760,"COAL",3175,3175,3175,3175,3175,1
2,761,"COAL",3175,3175,3175,3175,3175,0
2,762,"COAL",3175,3175,3175,3175,3175,30
2,763,"COAL",3171,3171,3171,3171,3171,1
2,764,"COAL",3171,3171,3171,3171,3171,1
2,765,"COAL",3171,3171,3171,3171,3171,0
2,766,"COAL",3171,3171,3171,3171,3171,0
2,767,"COAL",3171,3171,3171,3171,3171,0
2,768,"COAL",3171,3171,3171,3171,3171,1
2,769,"COAL",3171,3171,3171,3171,3171,0
2,770,"COAL",3168,3168,3168,3168,3168,1
2,771,"COAL",3168,3168,3168,3168,3168,1
2,772,"COAL",3168,3168,3168,3168,3168,0
2,773,"COAL",3168,3168,3168,3168,3168,0
2,774,"COAL",3168,3168,3168,3168,3168,1
2,775,"COAL",3168,3168,3168,3168,3168,0
2,776,"COAL",3168,3168,3168,3168,3168,0
2,777,"COAL",3168,3168,3168,3168,3168,0
2,778,"COAL",3166,3166,3166,3166,3166,1
2,779,"COAL",3166,3166,3166,3166,3166,0
2,780,"COAL",3166,3166,3166,3166,3166,0
2,781,"COAL",3164,3164,3164,3164,3164,1
2,782,"COAL",3164,3164,3164,3164,3164,0
2,783,"COAL",3164,3164,3164,3164,3164,1
2,784,"COAL",3164,3164,3164,3164,3164,0
2,785,"COAL",3164,3164,3164,3164,3164,1
2,786,"COAL",3164,3164,3164,3164,3164,0
2,787,"COAL",3163,3163,3163,3163,3163,1
2,788,"COAL",3163,3163,3163,3163,3163,0
2,789,"COAL",3163,3163,3163,3163,3163,0
2,790,"COAL",3163,3163,3163,3163,3163,1
2,791,"COAL",3163,3163,3163,3163,3163,0
2,792,"COAL",3163,3163,3163,3163,3163,31
2,793,"COAL",3163,3163,3163,3163,3163,0
2,794,"COAL",3162,3162,3162,3162,3162,1
2,795,"COAL",3162,3162,3162,3162,3162,0
2,796,"COAL",3162,3162,3162,3162,3162,0
2,797,"COAL",3162,3162,3162,3162,3162,1
2,798,"COAL",3162,3162,3162,3162,3162,0
2,799,"COAL",3161,3161,3161,3161,3161,1
2,800,"COAL",3161,3161,3161,3161,3161,15
2,801,"COAL",3161,3161,3161,3161,3161,1
2,802,"COAL",3161,3161,3161,3161,3161,0
2,803,"COAL",3161,3161,3161,3161,3161,1
2,804,"COAL",3161,3161,3161,3161,3161,0
2,805,"COAL",3161,3161,3161,3161,3161,1
2,806,"COAL",3161,3161,3161,3161,3161,0
2,807,"COAL",3161,3161,3161,3161,3161,1
2,808,"COAL",3161,3161,3161,3161,3161,1
2,809,"COAL",3161,3161,3161,3161,3161,0
2,810,"COAL",3161,3161,3161,3161,3161,0
2,811,"COAL",3161,3161,3161,3161,3161,0
2,812,"COAL",3162,3162,3162,3162,3162,1
2,813,"COAL",3162,3162,3162,3162,3162,0
2,814,"COAL",3162,3162,3162,3162,3162,1
2,815,"COAL",3162,3162,3162,3162,3162,0
2,816,"COAL",3162,3162,3162,3162,3162,1
2,817,"COAL",3162,3162,3162,3162,3162,26
2,818,"COAL",3162,3162,3162,3162,3162,1
2,819,"COAL",3162,3162,3162,3162,3162,0
2,820,"COAL",3162,3162,3162,3162,3162,1
2,821,"COAL",3162,3162,3162,3162,3162,0
2,822,"COAL",3162,3162,3162,3162,3162,0
2,823,"COAL",3162,3162,3162,3162,3162,0
2,824,"COAL",3162,3162,3162,3162,3162,0
2,825,"COAL",3163,3163,3163,3163,3163,1
2,826,"COAL",3163,3163,3163,3163,3163,0
2,827,"COAL",3163,3163,3163,3163,3163,1
2,828,"COAL",3163,3163,3163,3163,3163,0
2,829,"COAL",3163,3163,3163,3163,3163,1
2,830,"COAL",3163,3163,3163,3163,3163,30
2,831,"COAL",3163,3163,3163,3163,3163,1
2,832,"COAL",3163,3163,3163,3163,3163,0
2,833,"COAL",3163,3163,3163,3163,3163,1
2,834,"COAL",3163,3163,3163,3163,3163,0
2,835,"COAL",3163,3163,3163,3163,3163,0
2,836,"COAL",3163,3163,3163,3163,3163,0
2,837,"COAL",3164,3164,3164,3164,3164,1
2,838,"COAL",3164,3164,3164,3164,3164,0
2,839,"COAL",3164,3164,3164,3164,3164,1
2,840,"COAL",3164,3164,3164,3164,3164,0
2,841,"COAL",3164,3164,3164,3164,3164,0
2,842,"COAL",3164,3164,3164,3164,3164,0
2,843,"COAL",3165,3165,3165,3165,3165,3
2,844,"COAL",3165,3165,3165,3165,3165,2
2,845,"COAL",3165,3165,3165,3165,3165,32
2,846,"COAL",3165,3165,3165,3165,3165,3
2,847,"COAL",3165,3165,3165,3165,3165,0
2,848,"COAL",3166,3166,3166,3166,3166,2
2,849,"COAL",3166,3166,3166,3166,3166,0
2,850,"COAL",3164,3166,3166,3166,3165,18
2,851,"COAL",3166,3166,3166,3166,3166,17
2,852,"COAL",3166,3166,3166,3166,3166,2
2,853,"COAL",3165,3165,3165,3165,3165,11
2,854,"COAL",3161,3161,3161,3161,3161,1
2,855,"COAL",3161,3161,3161,3161,3161,0
2,856,"COAL",3157,3157,3157,3157,3157,1
2,857,"COAL",3157,3157,3157,3157,3157,0
2,858,"COAL",3153,3153,3153,3153,3153,1
2,859,"COAL",3166,3166,3166,3166,3166,1
2,860,"COAL",3167,3167,3167,3167,3167,46
2,861,"COAL",3166,3166,3166,3166,3166,10
2,862,"COAL",3162,3162,3162,3162,3162,1
2,863,"COAL",3162,3162,3162,3162,3162,0
2,864,"COAL",3158,3158,3158,3158,3158,1
2,865,"COAL",3167,3167,3167,3167,3167,3
2,866,"COAL",3167,3167,3167,3167,3167,0
2,867,"COAL",3168,3168,3168,3168,3168,30
2,868,"COAL",3167,3168,3168,3167,3167,9
2,869,"COAL",3164,3164,3164,3164,3164,1
2,870,"COAL",3164,3164,3164,3164,3164,0
2,871,"COAL",3160,3160,3160,3160,3160,12
2,872,"COAL",3158,3158,3158,3158,3158,1
2,873,"COAL",3158,3158,3158,3158,3158,0
2,874,"COAL",3156,3156,3156,3156,3156,1
2,875,"COAL",3156,3168,3156,3168,3157,8
2,876,"COAL",3168,3168,3168,3168,3168,15
2,877,"COAL",3164,3168,3164,3168,3167,12
2,878,"COAL",3164,3168,3164,3168,3167,0
2,879,"COAL",3160,3160,3160,3160,3160,3
2,880,"COAL",3169,3169,3169,3169,3169,3
2,881,"COAL",3169,3169,3169,3169,3169,16
2,882,"COAL",3169,3169,3169,3169,3169,30
2,883,"COAL",3165,3165,3165,3165,3165,12
2,884,"COAL",3163,3163,3163,3163,3163,3
2,885,"COAL",3163,3165,3163,3165,3163,4
2,886,"COAL",3163,3163,3163,3163,3163,2
2,887,"COAL",3163,3163,3163,3163,3163,0
2,888,"COAL",3163,3165,3163,3165,3163,3
2,889,"COAL",3163,3165,3163,3165,3164,2
2,890,"COAL",3169,3169,3169,3169,3169,1
2,891,"COAL",3169,3169,3169,3169,3169,16
2,892,"COAL",3168,3168,3168,3168,3168,15
2,893,"COAL",3168,3168,3168,3168,3168,5
2,894,"COAL",3168,3169,3168,3169,3168,6
2,895,"COAL",3168,3168,3168,3168,3168,5
2,896,"COAL",3169,3169,3169,3169,3169,16
2,897,"COAL",3165,3169,3168,3169,3167,36
2,898,"COAL",3169,3169,3169,3169,3169,1
2,899,"COAL",3169,3169,3169,3169,3169,30
2,900,"COAL",3169,3169,3169,3169,3169,1
2,901,"COAL",3165,3165,3165,3165,3165,11
2,902,"COAL",3163,3165,3165,3163,3163,5
2,903,"COAL",3163,3165,3165,3163,3163,0
2,904,"COAL",3159,3159,3159,3159,3159,1
2,905,"COAL",3159,3159,3159,3159,3159,0
2,906,"COAL",3155,3155,3155,3155,3155,1
2,907,"COAL",3167,3167,3167,3167,3167,11
2,908,"COAL",3151,3151,3151,3151,3151,1
2,909,"COAL",3151,3151,3151,3151,3151,0
2,910,"COAL",3147,3147,3147,3147,3147,1
2,911,"COAL",3147,3147,3147,3147,3147,0
2,912,"COAL",3147,3168,3147,3168,3152,4
2,913,"COAL",3167,3167,3167,3167,3167,15
2,914,"COAL",3163,3167,3166,3167,3166,42
2,915,"COAL",3167,3167,3167,3167,3167,15
2,916,"COAL",3167,3167,3167,3167,3167,1
2,917,"COAL",3167,3167,3167,3167,3167,0
2,918,"COAL",3163,3163,3163,3163,3163,1
2,919,"COAL",3163,3163,3163,3163,3163,11
2,920,"COAL",3163,3163,3163,3163,3163,1
2,921,"COAL",3163,3163,3163,3163,3163,0
2,922,"COAL",3159,3159,3159,3159,3159,1
2,923,"COAL",3159,3159,3159,3159,3159,0
2,924,"COAL",3155,3155,3155,3155,3155,1
2,925,"COAL",3155,3155,3155,3155,3155,0
2,926,"COAL",3155,3155,3155,3155,3155,0
2,927,"COAL",3164,3164,3164,3164,3164,1
2,928,"COAL",3164,3164,3164,3164,3164,16
2,929,"COAL",3160,3164,3163,3164,3163,41
2,930,"COAL",3160,3164,3163,3164,3163,0
2,931,"COAL",3162,3162,3162,3162,3162,31
2,932,"COAL",3158,3161,3161,3158,3159,30
2,933,"COAL",3158,3162,3162,3158,3158,20
2,934,"COAL",3158,3158,3158,3158,3158,7
2,935,"COAL",3154,3154,3154,3154,3154,1
2,936,"COAL",3150,3150,3150,3150,3150,15
2,937,"COAL",3150,3154,3150,3154,3152,11
2,938,"COAL",3150,3150,3150,3150,3150,1
2,939,"COAL",3146,3146,3146,3146,3146,1
2,940,"COAL",3146,3146,3146,3146,3146,0
2,941,"COAL",3142,3142,3142,3142,3142,1
2,942,"COAL",3142,3142,3142,3142,3142,0
2,943,"COAL",3138,3138,3138,3138,3138,4
2,944,"COAL",3159,3159,3159,3159,3159,30
2,945,"COAL",3159,3159,3159,3159,3159,16
2,946,"COAL",3158,3158,3158,3158,3158,8
2,947,"COAL",3154,3154,3154,3154,3154,1
2,948,"COAL",3154,3154,3154,3154,3154,0
2,949,"COAL",3150,3150,3150,3150,3150,6
2,950,"COAL",3150,3150,3150,3150,3150,0
2,951,"COAL",3157,3157,3157,3157,3157,1
2,952,"COAL",3157,3157,3157,3157,3157,0
2,953,"COAL",3157,3157,3157,3157,3157,31
2,954,"COAL",3157,3157,3157,3157,3157,0
2,955,"COAL",3153,3156,3153,3155,3153,42
2,956,"COAL",3150,3150,3150,3150,3150,1
2,957,"COAL",3149,3149,3149,3149,3149,1
2,958,"COAL",3149,3149,3149,3149,3149,0
2,959,"COAL",3145,3145,3145,3145,3145,8
2,960,"COAL",3145,3145,3145,3145,3145,0
2,961,"COAL",3141,3155,3141,3155,3147,28
2,962,"COAL",3154,3154,3154,3154,3154,6
2,963,"COAL",3155,3155,3155,3155,3155,16
2,964,"COAL",3154,3155,3155,3154,3154,3
2,965,"COAL",3154,3155,3155,3154,3154,0
2,966,"COAL",3150,3150,3150,3150,3150,13
2,967,"COAL",3150,3150,3150,3150,3150,0
2,968,"COAL",3155,3155,3155,3155,3155,1
2,969,"COAL",3155,3155,3155,3155,3155,15
2,970,"COAL",3153,3155,3154,3155,3153,16
2,971,"COAL",3153,3155,3153,3155,3154,34
2,972,"COAL",3155,3155,3155,3155,3155,1
2,973,"COAL",3153,3154,3153,3154,3153,8
2,974,"COAL",3155,3155,3155,3155,3155,16
2,975,"COAL",3153,3154,3154,3153,3153,10
2,976,"COAL",3149,3149,3149,3149,3149,1
2,977,"COAL",3149,3149,3149,3149,3149,0
2,978,"COAL",3145,3145,3145,3145,3145,1
2,979,"COAL",3145,3155,3145,3155,3146,7
2,980,"COAL",3155,3155,3155,3155,3155,1
2,981,"COAL",3155,3155,3155,3155,3155,30
2,982,"COAL",3155,3155,3155,3155,3155,1
2,983,"COAL",3155,3155,3155,3155,3155,0
2,984,"COAL",3155,3155,3155,3155,3155,1
2,985,"COAL",3155,3155,3155,3155,3155,1
2,986,"COAL",3155,3155,3155,3155,3155,0
2,987,"COAL",3155,3155,3155,3155,3155,0
2,988,"COAL",3155,3155,3155,3155,3155,1
2,989,"COAL",3155,3155,3155,3155,3155,1
2,990,"COAL",3155,3155,3155,3155,3155,0
2,991,"COAL",3155,3155,3155,3155,3155,30
2,992,"COAL",3155,3155,3155,3155,3155,1
2,993,"COAL",3155,3155,3155,3155,3155,1
2,994,"COAL",3155,3155,3155,3155,3155,0
2,995,"COAL",3155,3155,3155,3155,3155,0
2,996,"COAL",3155,3155,3155,3155,3155,1
2,997,"COAL",3155,3155,3155,3155,3155,0
2,998,"COAL",3155,3155,3155,3155,3155,0
2,999,"COAL",3156,3156,3156,3156,3156,1
2,1000,"COAL",3156,3156,3156,3156,3156,30
2,1001,"COAL",3156,3156,3156,3156,3156,31
2,1002,"COAL",3156,3156,3156,3156,3156,0
2,1003,"COAL",3156,3156,3156,3156,3156,0
2,1004,"COAL",3156,3156,3156,3156,3156,0
2,1005,"COAL",3156,3156,3156,3156,3156,1
2,1006,"COAL",3156,3156,3156,3156,3156,1
2,1007,"COAL",3156,3156,3156,3156,3156,0
2,1008,"COAL",3156,3156,3156,3156,3156,0
2,1009,"COAL",3156,3156,3156,3156,3156,1
2,1010,"COAL",3156,3156,3156,3156,3156,1
2,1011,"COAL",3156,3156,3156,3156,3156,30
2,1012,"COAL",3156,3156,3156,3156,3156,1
2,1013,"COAL",3156,3156,3156,3156,3156,0
2,1014,"COAL",3156,3156,3156,3156,3156,1
2,1015,"COAL",3156,3156,3156,3156,3156,0
2,1016,"COAL",3156,3156,3156,3156,3156,1
2,1017,"COAL",3156,3156,3156,3156,3156,0
2,1018,"COAL",3156,3156,3156,3156,3156,1
2,1019,"COAL",3156,3156,3156,3156,3156,0
2,1020,"COAL",3156,3156,3156,3156,3156,1
2,1021,"COAL",3156,3156,3156,3156,3156,31
2,1022,"COAL",3156,3156,3156,3156,3156,0
2,1023,"COAL",3156,3156,3156,3156,3156,0
2,1024,"COAL",3152,3155,3155,3152,3154,12
2,1025,"COAL",3148,3148,3148,3148,3148,1
2,1026,"COAL",3148,3148,3148,3148,3148,0
2,1027,"COAL",3144,3144,3144,3144,3144,12
2,1028,"COAL",3144,3144,3144,3144,3144,0
2,1029,"COAL",3140,3140,3140,3140,3140,1
2,1030,"COAL",3140,3140,3140,3140,3140,0
2,1031,"COAL",3136,3136,3136,3136,3136,4
2,1032,"COAL",3136,3136,3136,3136,3136,0
2,1033,"COAL",3157,3157,3157,3157,3157,5
2,1034,"COAL",3157,3157,3157,3157,3157,46
2,1035,"COAL",3156,3156,3156,3156,3156,11
2,1036,"COAL",3156,3156,3156,3156,3156,0
2,1037,"COAL",3152,3152,3152,3152,3152,1
2,1038,"COAL",3152,3152,3152,3152,3152,0
2,1039,"COAL",3148,3148,3148,3148,3148,3
2,1040,"COAL",3148,3148,3148,3148,3148,0
2,1041,"COAL",3157,3157,3157,3157,3157,1
2,1042,"COAL",3157,3157,3157,3157,3157,15
2,1043,"COAL",3156,3157,3157,3156,3156,9
2,1044,"COAL",3152,3157,3152,3157,3154,15
2,1045,"COAL",3157,3157,3157,3157,3157,16
2,1046,"COAL",3156,3156,3156,3156,3156,11
2,1047,"COAL",3153,3153,3153,3153,3153,1
2,1048,"COAL",3151,3151,3151,3151,3151,3
2,1049,"COAL",3152,3157,3152,3157,3153,4
2,1050,"COAL",3157,3157,3157,3157,3157,15
2,1051,"COAL",3156,3207,3156,3157,3161,41
2,1052,"COAL",3157,3157,3157,3157,3157,16
2,1053,"COAL",3157,3157,3157,3157,3157,1
2,1054,"COAL",3157,3157,3157,3157,3157,0
2,1055,"COAL",3157,3157,3157,3157,3157,0
2,1056,"COAL",3153,3153,3153,3153,3153,1
2,1057,"COAL",3152,3153,3153,3152,3152,12
2,1058,"COAL",3151,3153,3151,3153,3151,3
2,1059,"COAL",3151,3151,3151,3151,3151,1
2,1060,"COAL",3153,3153,3153,3153,3153,1
2,1061,"COAL",3157,3157,3157,3157,3157,15
2,1062,"COAL",3157,3157,3157,3157,3157,16
2,1063,"COAL",3156,3156,3156,3156,3156,15
2,1064,"COAL",3152,3156,3156,3152,3155,12
2,1065,"COAL",3151,3151,3151,3151,3151,3
2,1066,"COAL",3151,3157,3151,3157,3155,19
2,1067,"COAL",3157,3157,3157,3157,3157,15
2,1068,"COAL",3153,3153,3153,3153,3153,1
2,1069,"COAL",3151,3153,3151,3153,3151,25
2,1070,"COAL",3151,3151,3151,3151,3151,3
2,1071,"COAL",3153,3158,3153,3158,3157,16
2,1072,"COAL",3158,3158,3158,3158,3158,16
2,1073,"COAL",3158,3158,3158,3158,3158,0
2,1074,"COAL",3158,3158,3158,3158,3158,0
2,1075,"COAL",3154,3154,3154,3154,3154,12
2,1076,"COAL",3150,3158,3151,3158,3156,16
2,1077,"COAL",3154,3154,3154,3154,3154,1
2,1078,"COAL",3158,3158,3158,3158,3158,1
2,1079,"COAL",3158,3158,3158,3158,3158,15
2,1080,"COAL",3157,3158,3157,3158,3157,16
2,1081,"COAL",3158,3208,3208,3158,3183,30
2,1082,"COAL",3158,3158,3158,3158,3158,16
2,1083,"COAL",3157,3157,3157,3157,3157,11
2,1084,"COAL",3157,3157,3157,3157,3157,0
2,1085,"COAL",3153,3153,3153,3153,3153,1
2,1086,"COAL",3153,3153,3153,3153,3153,0
2,1087,"COAL",3149,3149,3149,3149,3149,3
2,1088,"COAL",3149,3149,3149,3149,3149,0
2,1089,"COAL",3149,3149,3149,3149,3149,0
2,1090,"COAL",3158,3158,3158,3158,3158,1
2,1091,"COAL",3158,3158,3158,3158,3158,8
2,1092,"COAL",3158,3158,3158,3158,3158,15
2,1093,"COAL",3154,3208,3154,3208,3204,15
2,1094,"COAL",3159,3159,3159,3159,3159,15
2,1095,"COAL",3158,3159,3159,3158,3158,27
2,1096,"COAL",3154,3159,3154,3159,3157,15
2,1097,"COAL",3159,3159,3159,3159,3159,16
2,1098,"COAL",3159,3159,3159,3159,3159,2
2,1099,"COAL",3158,3158,3158,3158,3158,11
2,1100,"COAL",3155,3159,3155,3159,3158,19
2,1101,"COAL",3159,3159,3159,3159,3159,15
2,1102,"COAL",3155,3159,3159,3155,3157,2
2,1103,"COAL",3155,3155,3155,3155,3155,4
2,1104,"COAL",3155,3159,3155,3159,3156,16
2,1105,"COAL",3155,3159,3155,3159,3156,0
2,1106,"COAL",3160,3160,3160,3160,3160,1
2,1107,"COAL",3160,3160,3160,3160,3160,30
2,1108,"COAL",3160,3160,3160,3160,3160,10
2,1109,"COAL",3160,3160,3160,3160,3160,1
2,1110,"COAL",3160,3160,3160,3160,3160,3
2,1111,"COAL",3160,3160,3160,3160,3160,0
2,1112,"COAL",3160,3160,3160,3160,3160,1
2,1113,"COAL",3160,3160,3160,3160,3160,5
2,1114,"COAL",3160,3160,3160,3160,3160,1
2,1115,"COAL",3160,3160,3160,3160,3160,33
2,1116,"COAL",3160,3160,3160,3160,3160,1
2,1117,"COAL",3161,3161,3161,3161,3161,30
2,1118,"COAL",3152,3161,3160,3161,3155,35
2,1119,"COAL",3152,3161,3152,3161,3152,20
2,1120,"COAL",3139,3152,3152,3139,3143,19
2,1121,"COAL",3128,3161,3161,3128,3142,23
2,1122,"COAL",3065,3161,3161,3065,3141,48
2,1123,"COAL",3161,3161,3161,3161,3161,19
2,1124,"COAL",3128,3161,3160,3161,3152,16
2,1125,"COAL",3161,3161,3161,3161,3161,15
2,1126,"COAL",3065,3161,3128,3161,3115,18
2,1127,"COAL",3161,3161,3161,3161,3161,16
2,1128,"COAL",3002,3161,3065,3161,3065,19
2,1129,"COAL",3162,3162,3162,3162,3162,15
2,1130,"COAL",3162,3162,3162,3162,3162,31
2,1131,"COAL",3129,3162,3162,3129,3155,18
2,1132,"COAL",3162,3162,3162,3162,3162,16
2,1133,"COAL",3097,3162,3129,3162,3122,19
2,1134,"COAL",3162,3162,3162,3162,3162,16
2,1135,"COAL",3162,3162,3162,3162,3162,0
2,1136,"COAL",3129,3161,3161,3129,3152,15
2,1137,"COAL",3162,3162,3162,3162,3162,53
2,1138,"COAL",3162,3162,3162,3162,3162,0
2,1139,"COAL",3066,3129,3129,3066,3107,15
2,1140,"COAL",3162,3162,3162,3162,3162,16
2,1141,"COAL",3130,3162,3162,3130,3153,15
2,1142,"COAL",3163,3163,3163,3163,3163,16
2,1143,"COAL",3067,3130,3130,3067,3108,15
2,1144,"COAL",3163,3163,3163,3163,3163,16
2,1145,"COAL",3003,3163,3163,3003,3131,57
2,1146,"COAL",3163,3194,3163,3194,3165,15
2,1147,"COAL",2846,3162,2846,3130,3134,15
2,1148,"COAL",3163,3163,3163,3163,3163,15
2,1149,"COAL",3098,3163,3163,3098,3116,16
2,1150,"COAL",3163,3163,3163,3163,3163,15
2,1151,"COAL",3003,3067,3067,3003,3045,15
2,1152,"COAL",3163,3163,3163,3163,3163,47
2,1153,"COAL",2846,3162,2846,3130,3134,16
2,1154,"COAL",3163,3163,3163,3163,3163,15
2,1155,"COAL",3067,3130,3130,3067,3108,15
2,1156,"COAL",3163,3163,3163,3163,3163,16
2,1157,"COAL",3003,3163,3067,3163,3109,34
2,1158,"COAL",3163,3163,3163,3163,3163,16
2,1159,"COAL",3131,3163,3163,3131,3154,15
2,1160,"COAL",3164,3164,3164,3164,3164,45
2,1161,"COAL",3099,3164,3163,3164,3119,16
2,1162,"COAL",3164,3164,3164,3164,3164,15
2,1163,"COAL",3004,3068,3068,3004,3046,15
2,1164,"COAL",3164,3164,3164,3164,3164,17
2,1165,"COAL",3131,3163,3163,3131,3153,16
2,1166,"COAL",3164,3164,3164,3164,3164,16
2,1167,"COAL",3068,3164,3131,3164,3144,45
2,1168,"COAL",3164,3164,3164,3164,3164,16
2,1169,"COAL",3004,3068,3068,3004,3038,15
2,1170,"COAL",3164,3164,3164,3164,3164,17
2,1171,"COAL",3131,3163,3163,3131,3153,16
2,1172,"COAL",3164,3164,3164,3164,3164,16
2,1173,"COAL",3068,3131,3131,3068,3105,15
2,1174,"COAL",3164,3164,3164,3164,3164,16
2,1175,"COAL",3004,3164,3068,3164,3122,45
2,1176,"COAL",3164,3164,3164,3164,3164,26
2,1177,"COAL",3164,3164,3164,3164,3164,20
2,1178,"COAL",3164,3164,3164,3164,3164,16
2,1179,"COAL",3131,3163,3163,3131,3154,15
2,1180,"COAL",3164,3164,3164,3164,3164,16
2,1181,"COAL",3068,3131,3131,3068,3109,15
2,1182,"COAL",3164,3164,3164,3164,3164,45
2,1183,"COAL",2847,3163,2847,3131,3135,15
2,1184,"COAL",3164,3164,3164,3164,3164,15
2,1185,"COAL",3099,3164,3131,3164,3117,16
2,1186,"COAL",3164,3164,3164,3164,3164,15
2,1187,"COAL",3004,3164,3068,3164,3054,16
2,1188,"COAL",3164,3164,3164,3164,3164,15
2,1189,"COAL",3131,3164,3164,3131,3155,16
2,1190,"COAL",3164,3164,3164,3164,3164,45
2,1191,"COAL",3068,3164,3164,3068,3113,16
2,1192,"COAL",3164,3164,3164,3164,3164,15
2,1193,"COAL",3004,3164,3164,3004,3050,16
2,1194,"COAL",3164,3164,3164,3164,3164,15
2,1195,"COAL",2847,3163,2847,3131,3135,15
2,1196,"COAL",3164,3164,3164,3164,3164,15
2,1197,"COAL",3099,3164,3131,3164,3147,46
2,1198,"COAL",3164,3164,3164,3164,3164,15
2,1199,"COAL",3004,3068,3068,3004,3046,15
2,1200,"COAL",3164,3164,3164,3164,3164,17
2,1201,"COAL",2847,3163,2847,3131,3135,16
2,1202,"COAL",3164,3164,3164,3164,3164,15
2,1203,"COAL",3164,3164,3164,3164,3164,1
2,1204,"COAL",3068,3131,3131,3068,3109,15
2,1205,"COAL",3164,3164,3164,3164,3164,45
2,1206,"COAL",3004,3164,3164,3004,3050,16
2,1207,"COAL",3164,3164,3164,3164,3164,15
2,1208,"COAL",3131,3163,3163,3131,3154,15
2,1209,"COAL",3164,3164,3164,3164,3164,16
2,1210,"COAL",3068,3131,3131,3068,3109,15
2,1211,"COAL",3164,3164,3164,3164,3164,16
2,1212,"COAL",3164,3164,3164,3164,3164,30
2,1213,"COAL",3131,3164,3163,3164,3155,16
2,1214,"COAL",3164,3164,3164,3164,3164,15
2,1215,"COAL",3068,3164,3131,3164,3113,16
2,1216,"COAL",3164,3164,3164,3164,3164,15
2,1217,"COAL",3004,3164,3068,3164,3050,16
2,1218,"COAL",3164,3164,3164,3164,3164,15
2,1219,"COAL",3131,3163,3163,3131,3154,15
2,1220,"COAL",3164,3164,3164,3164,3164,31
2,1221,"COAL",3068,3164,3131,3164,3139,33
2,1222,"COAL",3164,3164,3164,3164,3164,16
2,1223,"COAL",3004,3068,3068,3004,3042,15
2,1224,"COAL",3164,3195,3164,3195,3179,46
2,1225,"COAL",3131,3164,3164,3131,3155,16
2,1226,"COAL",3164,3164,3164,3164,3164,16
2,1227,"COAL",3068,3131,3131,3068,3109,15
2,1228,"COAL",3164,3164,3164,3164,3164,16
2,1229,"COAL",3004,3164,3068,3164,3123,45
2,1230,"COAL",3164,3164,3164,3164,3164,16
2,1231,"COAL",3131,3163,3163,3131,3154,15
2,1232,"COAL",3164,3164,3164,3164,3164,1
2,1233,"COAL",3164,3164,3164,3164,3164,30
2,1234,"COAL",3004,3164,3131,3164,3078,31
2,1235,"COAL",3164,3164,3164,3164,3164,45
2,1236,"COAL",3004,3164,3164,3004,3057,3
2,1237,"COAL",2847,3163,2847,3163,3136,12
2,1238,"COAL",3131,3131,3131,3131,3131,1
2,1239,"COAL",3164,3164,3164,3164,3164,15
2,1240,"COAL",3099,3164,3164,3099,3148,43
2,1241,"COAL",3164,3164,3164,3164,3164,16
2,1242,"COAL",3036,3195,3164,3036,3129,45
2,1243,"COAL",3164,3164,3164,3164,3164,46
2,1244,"COAL",3131,3163,3163,3131,3154,15
2,1245,"COAL",3164,3164,3164,3164,3164,16
2,1246,"COAL",3068,3131,3131,3068,3109,15
2,1247,"COAL",3164,3164,3164,3164,3164,15
2,1248,"COAL",3004,3164,3164,3004,3050,16
2,1249,"COAL",3164,3164,3164,3164,3164,15
2,1250,"COAL",3131,3164,3163,3164,3155,16
2,1251,"COAL",3164,3164,3164,3164,3164,15
2,1252,"COAL",3068,3164,3131,3164,3113,16
2,1253,"COAL",3164,3164,3164,3164,3164,45
2,1254,"COAL",3004,3068,3068,3004,3042,15
2,1255,"COAL",3165,3165,3165,3165,3165,16
2,1256,"COAL",3132,3164,3164,3132,3156,16
2,1257,"COAL",3165,3165,3165,3165,3165,16
2,1258,"COAL",3069,3132,3132,3069,3110,15
2,1259,"COAL",3165,3165,3165,3165,3165,46
2,1260,"COAL",3005,3069,3069,3005,3043,15
2,1261,"COAL",3165,3165,3165,3165,3165,17
2,1262,"COAL",3132,3164,3164,3132,3154,16
2,1263,"COAL",3165,3165,3165,3165,3165,16
2,1264,"COAL",3069,3132,3132,3069,3106,15
2,1265,"COAL",3165,3165,3165,3165,3165,16
2,1266,"COAL",3005,3165,3069,3165,3123,45
2,1267,"COAL",3166,3166,3166,3166,3166,15
2,1268,"COAL",3133,3166,3165,3166,3157,16
2,1269,"COAL",3166,3166,3166,3166,3166,15
2,1270,"COAL",3070,3166,3133,3166,3115,16
2,1271,"COAL",3166,3166,3166,3166,3166,45
2,1272,"COAL",3006,3070,3070,3006,3044,15
2,1273,"COAL",3167,3167,3167,3167,3167,16
2,1274,"COAL",3134,3166,3166,3134,3158,16
2,1275,"COAL",3167,3167,3167,3167,3167,16
2,1276,"COAL",3071,3167,3134,3167,3116,16
2,1277,"COAL",3167,3167,3167,3167,3167,45
2,1278,"COAL",3007,3167,3071,3167,3053,16
2,1279,"COAL",3168,3168,3168,3168,3168,15
2,1280,"COAL",3135,3167,3167,3135,3158,15
2,1281,"COAL",3168,3168,3168,3168,3168,16
2,1282,"COAL",3071,3135,3135,3071,3113,15
2,1283,"COAL",3168,3168,3168,3168,3168,46
2,1284,"COAL",3008,3071,3071,3008,3046,15
2,1285,"COAL",3169,3169,3169,3169,3169,16
2,1286,"COAL",3169,3169,3169,3169,3169,0
2,1287,"COAL",3169,3169,3169,3169,3169,1
2,1288,"COAL",3169,3169,3169,3169,3169,0
2,1289,"COAL",3169,3169,3169,3169,3169,31
2,1290,"COAL",3169,3169,3169,3169,3169,0
2,1291,"COAL",3169,3169,3169,3169,3169,0
2,1292,"COAL",3169,3169,3169,3169,3169,0
2,1293,"COAL",3170,3170,3170,3170,3170,1
2,1294,"COAL",3170,3170,3170,3170,3170,1
2,1295,"COAL",3170,3170,3170,3170,3170,30
2,1296,"COAL",3170,3170,3170,3170,3170,1
2,1297,"COAL",3170,3170,3170,3170,3170,11
2,1298,"COAL",3166,3166,3166,3166,3166,1
2,1299,"COAL",3166,3166,3166,3166,3166,0
2,1300,"COAL",3166,3166,3166,3166,3166,0
2,1301,"COAL",3162,3171,3162,3171,3163,5
2,1302,"COAL",3171,3171,3171,3171,3171,45
2,1303,"COAL",3167,3171,3171,3167,3167,15
2,1304,"COAL",3171,3171,3171,3171,3171,16
2,1305,"COAL",3170,3170,3170,3170,3170,11
2,1306,"COAL",3167,3167,3167,3167,3167,1
2,1307,"COAL",3167,3167,3167,3167,3167,0
2,1308,"COAL",3163,3163,3163,3163,3163,1
2,1309,"COAL",3163,3213,3163,3213,3179,3
2,1310,"COAL",3170,3170,3170,3170,3170,45
2,1311,"COAL",3169,3170,3170,3169,3169,12
2,1312,"COAL",3169,3170,3170,3169,3169,0
2,1313,"COAL",3165,3165,3165,3165,3165,1
2,1314,"COAL",3161,3170,3161,3170,3163,4
2,1315,"COAL",3169,3169,3169,3169,3169,45
2,1316,"COAL",3165,3168,3168,3165,3167,12
2,1317,"COAL",3161,3161,3161,3161,3161,1
2,1318,"COAL",3161,3161,3161,3161,3161,2
2,1319,"COAL",3169,3169,3169,3169,3169,15
2,1320,"COAL",3165,3169,3169,3165,3168,26
2,1321,"COAL",3165,3166,3165,3166,3165,15
2,1322,"COAL",3166,3166,3166,3166,3166,15
2,1323,"COAL",3162,3165,3165,3162,3164,12
2,1324,"COAL",3158,3166,3161,3166,3164,16
2,1325,"COAL",3166,3166,3166,3166,3166,15
2,1326,"COAL",3162,3162,3162,3162,3162,1
2,1327,"COAL",3158,3163,3158,3163,3162,27
2,1328,"COAL",3163,3163,3163,3163,3163,15
2,1329,"COAL",3163,3163,3163,3163,3163,1
2,1330,"COAL",3163,3163,3163,3163,3163,0
2,1331,"COAL",3159,3159,3159,3159,3159,15
2,1332,"COAL",3163,3163,3163,3163,3163,15
2,1333,"COAL",3159,3159,3159,3159,3159,13
2,1334,"COAL",3159,3160,3159,3160,3159,13
2,1335,"COAL",3160,3160,3160,3160,3160,15
2,1336,"COAL",3160,3160,3160,3160,3160,19
2,1337,"COAL",3156,3156,3156,3156,3156,1
2,1338,"COAL",3156,3156,3156,3156,3156,0
2,1339,"COAL",3152,3155,3152,3155,3153,26
2,1340,"COAL",3155,3155,3155,3155,3155,15
2,1341,"COAL",3151,3155,3151,3155,3153,31
2,1342,"COAL",3155,3155,3155,3155,3155,15
2,1343,"COAL",3151,3151,3151,3151,3151,1
2,1344,"COAL",3151,3151,3151,3151,3151,0
2,1345,"COAL",3147,3147,3147,3147,3147,12
2,1346,"COAL",3147,3150,3147,3150,3149,14
2,1347,"COAL",3150,3150,3150,3150,3150,15
2,1348,"COAL",3150,3150,3150,3150,3150,30
2,1349,"COAL",3146,3146,3146,3146,3146,1
2,1350,"COAL",3143,3143,3143,3143,3143,1
2,1351,"COAL",3142,3142,3142,3142,3142,12
2,1352,"COAL",3142,3142,3142,3142,3142,0
2,1353,"COAL",3138,3138,3138,3138,3138,1
2,1354,"COAL",3144,3144,3144,3144,3144,16
2,1355,"COAL",3144,3144,3144,3144,3144,31
2,1356,"COAL",3144,3144,3144,3144,3144,0
2,1357,"COAL",3140,3140,3140,3140,3140,1
2,1358,"COAL",3138,3138,3138,3138,3138,11
2,1359,"COAL",3134,3139,3134,3139,3137,14
2,1360,"COAL",3139,3139,3139,3139,3139,15
2,1361,"COAL",3136,3139,3139,3136,3138,32
2,1362,"COAL",3136,3139,3139,3136,3138,0
2,1363,"COAL",3132,3132,3132,3132,3132,11
2,1364,"COAL",3132,3132,3132,3132,3132,0
2,1365,"COAL",3132,3132,3132,3132,3132,1
2,1366,"COAL",3132,3133,3132,3133,3132,14
2,1367,"COAL",3133,3133,3133,3133,3133,15
2,1368,"COAL",3129,3133,3132,3133,3131,31
2,1369,"COAL",3128,3128,3128,3128,3128,16
2,1370,"COAL",3127,3127,3127,3127,3127,11
2,1371,"COAL",3124,3124,3124,3124,3124,1
2,1372,"COAL",3120,3120,3120,3120,3120,1
2,1373,"COAL",3116,3128,3116,3128,3120,3
2,1374,"COAL",3128,3128,3128,3128,3128,46
2,1375,"COAL",3128,3128,3128,3128,3128,0
2,1376,"COAL",3123,3123,3123,3123,3123,1
2,1377,"COAL",3122,3122,3122,3122,3122,11
2,1378,"COAL",3118,3118,3118,3118,3118,1
2,1379,"COAL",3123,3168,3168,3123,3156,4
2,1380,"COAL",3123,3123,3123,3123,3123,45
2,1381,"COAL",3118,3119,3119,3118,3118,2
2,1382,"COAL",3116,3116,3116,3116,3116,11
2,1383,"COAL",3114,3114,3114,3114,3114,1
2,1384,"COAL",3110,3117,3110,3117,3112,3
2,1385,"COAL",3117,3117,3117,3117,3117,47
2,1386,"COAL",3117,3117,3117,3117,3117,0
2,1387,"COAL",3113,3113,3113,3113,3113,1
2,1388,"COAL",3111,3111,3111,3111,3111,11
2,1389,"COAL",3107,3107,3107,3107,3107,1
2,1390,"COAL",3103,3112,3103,3112,3105,4
2,1391,"COAL",3112,3112,3112,3112,3112,47
2,1392,"COAL",3112,3112,3112,3112,3112,0
2,1393,"COAL",3108,3108,3108,3108,3108,1
2,1394,"COAL",3105,3105,3105,3105,3105,11
2,1395,"COAL",3101,3101,3101,3101,3101,1
2,1396,"COAL",3101,3101,3101,3101,3101,0
2,1397,"COAL",3097,3106,3097,3106,3100,5
2,1398,"COAL",3106,3106,3106,3106,3106,46
2,1399,"COAL",3106,3106,3106,3106,3106,1
2,1400,"COAL",3106,3106,3106,3106,3106,0
2,1401,"COAL",3102,3102,3102,3102,3102,17
2,1402,"COAL",3102,3102,3102,3102,3102,0
2,1403,"COAL",3102,3102,3102,3102,3102,1
2,1404,"COAL",3102,3102,3102,3102,3102,16
2,1405,"COAL",3102,3102,3102,3102,3102,0
2,1406,"COAL",3098,3098,3098,3098,3098,1
2,1407,"COAL",3098,3098,3098,3098,3098,31
2,1408,"COAL",3098,3098,3098,3098,3098,0
2,1409,"COAL",3098,3098,3098,3098,3098,1
2,1410,"COAL",3098,3098,3098,3098,3098,0
2,1411,"COAL",3096,3096,3096,3096,3096,1
2,1412,"COAL",3096,3096,3096,3096,3096,30
2,1413,"COAL",3096,3096,3096,3096,3096,1
2,1414,"COAL",3096,3096,3096,3096,3096,0
2,1415,"COAL",3096,3096,3096,3096,3096,13
2,1416,"COAL",3096,3096,3096,3096,3096,1
2,1417,"COAL",3096,3096,3096,3096,3096,0
2,1418,"COAL",3094,3094,3094,3094,3094,31
2,1419,"COAL",3094,3094,3094,3094,3094,0
2,1420,"COAL",3094,3094,3094,3094,3094,1
2,1421,"COAL",3094,3094,3094,3094,3094,0
2,1422,"COAL",3094,3094,3094,3094,3094,30
2,1423,"COAL",3093,3093,3093,3093,3093,1
2,1424,"COAL",3093,3093,3093,3093,3093,0
2,1425,"COAL",3093,3093,3093,3093,3093,1
2,1426,"COAL",3093,3093,3093,3093,3093,0
2,1427,"COAL",3093,3093,3093,3093,3093,48
2,1428,"COAL",3093,3093,3093,3093,3093,1
2,1429,"COAL",3093,3093,3093,3093,3093,0
2,1430,"COAL",3094,3094,3094,3094,3094,1
2,1431,"COAL",3094,3094,3094,3094,3094,0
2,1432,"COAL",3094,3094,3094,3094,3094,31
2,1433,"COAL",3094,3094,3094,3094,3094,0
2,1434,"COAL",3094,3094,3094,3094,3094,1
2,1435,"COAL",3094,3094,3094,3094,3094,0
2,1436,"COAL",3097,3097,3097,3097,3097,1
2,1437,"COAL",3097,3097,3097,3097,3097,0
2,1438,"COAL",3097,3097,3097,3097,3097,1
2,1439,"COAL",3097,3097,3097,3097,3097,21
2,1440,"COAL",3097,3097,3097,3097,3097,1
2,1441,"COAL",3100,3102,3102,3100,3101,30
2,1442,"COAL",3100,3100,3100,3100,3100,16
2,1443,"COAL",3097,3099,3099,3097,3098,12
2,1444,"COAL",3100,3146,3146,3100,3111,16
2,1445,"COAL",3100,3100,3100,3100,3100,15
2,1446,"COAL",3096,3100,3096,3100,3098,45
2,1447,"COAL",3103,3103,3103,3103,3103,16
2,1448,"COAL",3100,3102,3102,3100,3101,12
2,1449,"COAL",3096,3096,3096,3096,3096,3
2,1450,"COAL",3096,3096,3096,3096,3096,0
2,1451,"COAL",3092,3103,3092,3103,3097,2
2,1452,"COAL",3103,3103,3103,3103,3103,17
2,1453,"COAL",3099,3106,3099,3106,3102,30
2,1454,"COAL",3106,3106,3106,3106,3106,17
2,1455,"COAL",3102,3106,3105,3106,3105,41
2,1456,"COAL",3106,3106,3106,3106,3106,1
2,1457,"COAL",3106,3137,3106,3137,3106,32
2,1458,"COAL",3106,3106,3106,3106,3106,1
2,1459,"COAL",3102,3102,3102,3102,3102,11
2,1460,"COAL",3102,3108,3102,3108,3104,31
2,1461,"COAL",3108,3108,3108,3108,3108,16
2,1462,"COAL",3104,3104,3104,3104,3104,1
2,1463,"COAL",3104,3104,3104,3104,3104,0
2,1464,"COAL",3100,3100,3100,3100,3100,15
2,1465,"COAL",3111,3111,3111,3111,3111,16
2,1466,"COAL",3110,3111,3111,3110,3110,41
2,1467,"COAL",3107,3107,3107,3107,3107,1
2,1468,"COAL",3103,3103,3103,3103,3103,1
2,1469,"COAL",3100,3100,3100,3100,3100,1
2,1470,"COAL",3096,3111,3096,3111,3101,3
2,1471,"COAL",3112,3112,3112,3112,3112,46
2,1472,"COAL",3111,3111,3111,3111,3111,11
2,1473,"COAL",3111,3111,3111,3111,3111,0
2,1474,"COAL",3107,3107,3107,3107,3107,1
2,1475,"COAL",3107,3112,3107,3112,3108,5
2,1476,"COAL",3112,3112,3112,3112,3112,20
2,1477,"COAL",3108,3113,3108,3113,3110,30
2,1478,"COAL",3113,3113,3113,3113,3113,17
2,1479,"COAL",3112,3112,3112,3112,3112,11
2,1480,"COAL",3109,3113,3109,3113,3111,16
2,1481,"COAL",3113,3113,3113,3113,3113,16
2,1482,"COAL",3109,3109,3109,3109,3109,2
2,1483,"COAL",3109,3112,3109,3112,3109,16
2,1484,"COAL",3112,3112,3112,3112,3112,16
2,1485,"COAL",3108,3112,3111,3112,3111,41
2,1486,"COAL",3112,3112,3112,3112,3112,17
2,1487,"COAL",3112,3112,3112,3112,3112,0
2,1488,"COAL",3112,3112,3112,3112,3112,1
2,1489,"COAL",3111,3111,3111,3111,3111,30
2,1490,"COAL",3111,3111,3111,3111,3111,1
2,1491,"COAL",3111,3111,3111,3111,3111,1
2,1492,"COAL",3111,3111,3111,3111,3111,0
2,1493,"COAL",3111,3111,3111,3111,3111,0
2,1494,"COAL",3111,3111,3111,3111,3111,31
2,1495,"COAL",3111,3111,3111,3111,3111,0
2,1496,"COAL",3110,3110,3110,3110,3110,1
2,1497,"COAL",3110,3110,3110,3110,3110,0
2,1498,"COAL",3110,3110,3110,3110,3110,31
2,1499,"COAL",3110,3110,3110,3110,3110,1
2,1500,"COAL",3110,3110,3110,3110,3110,0
2,1501,"COAL",3110,3110,3110,3110,3110,0
2,1502,"COAL",3108,3108,3108,3108,3108,1
2,1503,"COAL",3108,3108,3108,3108,3108,30
2,1504,"COAL",3108,3108,3108,3108,3108,1
2,1505,"COAL",3108,3108,3108,3108,3108,1
2,1506,"COAL",3108,3108,3108,3108,3108,30
2,1507,"COAL",3107,3107,3107,3107,3107,1
2,1508,"COAL",3107,3107,3107,3107,3107,0
2,1509,"COAL",3107,3107,3107,3107,3107,0
2,1510,"COAL",3107,3107,3107,3107,3107,1
2,1511,"COAL",3107,3107,3107,3107,3107,30
2,1512,"COAL",3107,3107,3107,3107,3107,1
2,1513,"COAL",3107,3107,3107,3107,3107,0
2,1514,"COAL",3105,3105,3105,3105,3105,1
2,1515,"COAL",3105,3105,3105,3105,3105,30
2,1516,"COAL",3105,3105,3105,3105,3105,1
2,1517,"COAL",3105,3105,3105,3105,3105,1
2,1518,"COAL",3105,3105,3105,3105,3105,0
2,1519,"COAL",3103,3103,3103,3103,3103,30
2,1520,"COAL",3103,3103,3103,3103,3103,1
2,1521,"COAL",3103,3103,3103,3103,3103,0
2,1522,"COAL",3103,3103,3103,3103,3103,1
2,1523,"COAL",3103,3103,3103,3103,3103,0
2,1524,"COAL",3103,3103,3103,3103,3103,31
2,1525,"COAL",3103,3103,3103,3103,3103,0
2,1526,"COAL",3102,3102,3102,3102,3102,1
2,1527,"COAL",3102,3102,3102,3102,3102,0
2,1528,"COAL",3102,3102,3102,3102,3102,31
2,1529,"COAL",3102,3102,3102,3102,3102,0
2,1530,"COAL",3102,3102,3102,3102,3102,1
2,1531,"COAL",3102,3102,3102,3102,3102,0
2,1532,"COAL",3100,3100,3100,3100,3100,30
2,1533,"COAL",3100,3100,3100,3100,3100,1
2,1534,"COAL",3100,3100,3100,3100,3100,0
2,1535,"COAL",3100,3100,3100,3100,3100,1
2,1536,"COAL",3100,3100,3100,3100,3100,20
2,1537,"COAL",3098,3098,3098,3098,3098,1
2,1538,"COAL",3098,3098,3098,3098,3098,0
2,1539,"COAL",3098,3098,3098,3098,3098,1
2,1540,"COAL",3098,3098,3098,3098,3098,30
2,1541,"COAL",3098,3098,3098,3098,3098,1
2,1542,"COAL",3098,3098,3098,3098,3098,0
2,1543,"COAL",3096,3096,3096,3096,3096,31
2,1544,"COAL",3096,3096,3096,3096,3096,0
2,1545,"COAL",3096,3096,3096,3096,3096,0
2,1546,"COAL",3096,3096,3096,3096,3096,31
2,1547,"COAL",3096,3096,3096,3096,3096,1
2,1548,"COAL",3096,3096,3096,3096,3096,0
2,1549,"COAL",3093,3093,3093,3093,3093,1
2,1550,"COAL",3093,3093,3093,3093,3093,30
2,1551,"COAL",3093,3093,3093,3093,3093,0
2,1552,"COAL",3093,3093,3093,3093,3093,1
2,1553,"COAL",3093,3093,3093,3093,3093,0
2,1554,"COAL",3093,3093,3093,3093,3093,31
2,1555,"COAL",3090,3090,3090,3090,3090,1
2,1556,"COAL",3090,3090,3090,3090,3090,0
2,1557,"COAL",3090,3090,3090,3090,3090,1
2,1558,"COAL",3090,3090,3090,3090,3090,30
2,1559,"COAL",3090,3090,3090,3090,3090,0
2,1560,"COAL",3090,3090,3090,3090,3090,0
2,1561,"COAL",3086,3086,3086,3086,3086,31
2,1562,"COAL",3086,3086,3086,3086,3086,0
2,1563,"COAL",3086,3086,3086,3086,3086,1
2,1564,"COAL",3086,3086,3086,3086,3086,0
2,1565,"COAL",3086,3086,3086,3086,3086,31
2,1566,"COAL",3086,3086,3086,3086,3086,0
2,1567,"COAL",3081,3081,3081,3081,3081,1
2,1568,"COAL",3081,3081,3081,3081,3081,0
2,1569,"COAL",3081,3081,3081,3081,3081,31
2,1570,"COAL",3081,3081,3081,3081,3081,0
2,1571,"COAL",3081,3081,3081,3081,3081,0
2,1572,"COAL",3081,3081,3081,3081,3081,1
2,1573,"COAL",3077,3077,3077,3077,3077,30
2,1574,"COAL",3077,3077,3077,3077,3077,1
2,1575,"COAL",3077,3077,3077,3077,3077,0
2,1576,"COAL",3077,3077,3077,3077,3077,31
2,1577,"COAL",3077,3077,3077,3077,3077,1
2,1578,"COAL",3077,3077,3077,3077,3077,0
2,1579,"COAL",3072,3072,3072,3072,3072,1
2,1580,"COAL",3072,3072,3072,3072,3072,0
2,1581,"COAL",3071,3072,3072,3071,3071,41
2,1582,"COAL",3072,3072,3072,3072,3072,1
2,1583,"COAL",3067,3067,3067,3067,3067,1
2,1584,"COAL",3067,3072,3067,3072,3069,5
2,1585,"COAL",3066,3066,3066,3066,3066,19
2,1586,"COAL",3062,3066,3065,3066,3065,42
2,1587,"COAL",3066,3066,3066,3066,3066,17
2,1588,"COAL",3066,3066,3066,3066,3066,0
2,1589,"COAL",3062,3062,3062,3062,3062,16
2,1590,"COAL",3066,3066,3066,3066,3066,1
2,1591,"COAL",3061,3065,3061,3061,3062,63
2,1592,"COAL",3057,3060,3060,3057,3059,12
2,1593,"COAL",3057,3060,3060,3057,3059,0
2,1594,"COAL",3053,3053,3053,3053,3053,20
2,1595,"COAL",3053,3053,3053,3053,3053,0
2,1596,"COAL",3053,3053,3053,3053,3053,0
2,1597,"COAL",3057,3057,3057,3057,3057,31
2,1598,"COAL",3057,3057,3057,3057,3057,17
2,1599,"COAL",3056,3057,3056,3057,3056,20
2,1600,"COAL",3056,3057,3057,3056,3056,17
2,1601,"COAL",3056,3057,3057,3056,3056,46
2,1602,"COAL",3056,3056,3056,3056,3056,5
2,1603,"COAL",3052,3056,3052,3053,3055,8
2,1604,"COAL",3052,3053,3052,3053,3052,11
2,1605,"COAL",3053,3053,3053,3053,3053,46
2,1606,"COAL",3049,3052,3052,3049,3051,6
2,1607,"COAL",3049,3052,3052,3049,3051,0
2,1608,"COAL",3045,3045,3045,3045,3045,10
2,1609,"COAL",3049,3049,3049,3049,3049,20
2,1610,"COAL",3049,3049,3049,3049,3049,17
2,1611,"COAL",3048,3049,3048,3049,3048,46
2,1612,"COAL",3048,3049,3048,3049,3048,6
2,1613,"COAL",3048,3049,3048,3049,3048,7
2,1614,"COAL",3044,3049,3049,3044,3047,6
2,1615,"COAL",3043,3044,3043,3044,3043,8
2,1616,"COAL",3044,3044,3044,3044,3044,46
2,1617,"COAL",3040,3043,3043,3040,3042,11
2,1618,"COAL",3036,3036,3036,3036,3036,1
2,1619,"COAL",3036,3044,3036,3044,3037,5
2,1620,"COAL",3044,3044,3044,3044,3044,20
2,1621,"COAL",3040,3040,3040,3040,3040,3
2,1622,"COAL",3036,3044,3040,3044,3039,43
2,1623,"COAL",3040,3040,3040,3040,3040,18
2,1624,"COAL",3040,3040,3040,3040,3040,16
2,1625,"COAL",3036,3036,3036,3036,3036,1
2,1626,"COAL",3032,3040,3032,3040,3033,18
2,1627,"COAL",3034,3034,3034,3034,3034,18
2,1628,"COAL",3033,3034,3034,3033,3033,42
2,1629,"COAL",3029,3029,3029,3029,3029,2
2,1630,"COAL",3029,3029,3029,3029,3029,1
2,1631,"COAL",3025,3025,3025,3025,3025,1
2,1632,"COAL",3025,3034,3025,3034,3031,3
2,1633,"COAL",3029,3029,3029,3029,3029,19
2,1634,"COAL",3025,3029,3029,3029,3028,43
2,1635,"COAL",3029,3029,3029,3029,3029,16
2,1636,"COAL",3029,3059,3029,3059,3035,33
2,1637,"COAL",3029,3059,3029,3059,3035,0
2,1638,"COAL",3025,3025,3025,3025,3025,3
2,1639,"COAL",3023,3025,3025,3023,3024,16
2,1640,"COAL",3023,3023,3023,3023,3023,83
2,1641,"COAL",3019,3023,3023,3019,3019,43
2,1642,"COAL",3015,3015,3015,3015,3015,3
2,1643,"COAL",3015,3015,3015,3015,3015,0
2,1644,"COAL",3011,3011,3011,3011,3011,4
2,1645,"COAL",3016,3061,3016,3017,3041,41
2,1646,"COAL",3017,3017,3017,3017,3017,81
2,1647,"COAL",3013,3013,3013,3013,3013,32
2,1648,"COAL",3011,3013,3013,3011,3012,2
2,1649,"COAL",3011,3013,3013,3011,3012,0
2,1650,"COAL",3007,3007,3007,3007,3007,3
2,1651,"COAL",3007,3007,3007,3007,3007,41
2,1652,"COAL",3003,3003,3003,3003,3003,3
2,1653,"COAL",3003,3003,3003,3003,3003,0
2,1654,"COAL",3011,3011,3011,3011,3011,30
2,1655,"COAL",3011,3013,3011,3013,3011,83
2,1656,"COAL",3007,3013,3013,3007,3011,6
2,1657,"COAL",3003,3005,3003,3005,3003,42
2,1658,"COAL",3003,3005,3003,3005,3003,0
2,1659,"COAL",2999,2999,2999,2999,2999,4
2,1660,"COAL",2999,2999,2999,2999,2999,0
2,1661,"COAL",2996,3006,2996,3006,2997,7
2,1662,"COAL",3006,3006,3006,3006,3006,86
2,1663,"COAL",3002,3056,3002,3056,3054,31
2,1664,"COAL",3000,3000,3000,3000,3000,11
2,1665,"COAL",2997,2998,2998,2997,2997,31
2,1666,"COAL",2998,2998,2998,2998,2998,3
2,1667,"COAL",2994,2994,2994,2994,2994,1
2,1668,"COAL",2991,3001,2991,3001,2996,12
2,1669,"COAL",2997,2997,2997,2997,2997,88
2,1670,"COAL",2996,3026,3026,2996,3002,39
2,1671,"COAL",2993,2993,2993,2993,2993,1
2,1672,"COAL",2993,2993,2993,2993,2993,0
2,1673,"COAL",2990,2990,2990,2990,2990,33
2,1674,"COAL",2987,2987,2987,2987,2987,1
2,1675,"COAL",2984,2987,2987,2984,2986,3
2,1676,"COAL",2993,2994,2993,2994,2993,38
2,1677,"COAL",2994,2994,2994,2994,2994,58
2,1678,"COAL",2993,3023,3023,2993,2996,31
2,1679,"COAL",2993,3023,3023,2993,2996,0
2,1680,"COAL",2990,2990,2990,2990,2990,33
2,1681,"COAL",2990,2990,2990,2990,2990,12
2,1682,"COAL",2987,2987,2987,2987,2987,1
2,1683,"COAL",2984,2992,2992,2987,2990,10
2,1684,"COAL",2984,2992,2984,2992,2986,7
2,1685,"COAL",2992,3021,2992,3021,2993,83
2,1686,"COAL",2989,2994,2994,2989,2989,35
2,1687,"COAL",2986,2989,2989,2989,2988,15
2,1688,"COAL",2983,2986,2986,2983,2985,33
2,1689,"COAL",2983,2986,2986,2983,2985,0
2,1690,"COAL",2983,2986,2986,2983,2985,0
2,1691,"COAL",2990,2990,2990,2990,2990,34
2,1692,"COAL",2990,2990,2990,2990,2990,54
2,1693,"COAL",2987,2992,2988,2987,2990,43
2,1694,"COAL",3019,3019,3019,3019,3019,2
2,1695,"COAL",2984,2984,2984,2984,2984,31
2,1696,"COAL",2983,2983,2983,2983,2983,1
2,1697,"COAL",2980,2981,2981,2980,2980,5
2,1698,"COAL",2977,2977,2977,2977,2977,30
2,1699,"COAL",2977,2977,2977,2977,2977,3
2,1700,"COAL",2977,2977,2977,2977,2977,0
2,1701,"COAL",2985,2985,2985,2985,2985,31
2,1702,"COAL",2985,2987,2985,2987,2985,84
2,1703,"COAL",2984,2984,2984,2984,2984,8
2,1704,"COAL",2982,2982,2982,2982,2982,1
2,1705,"COAL",2982,3031,2982,3031,3017,41
2,1706,"COAL",2979,2979,2979,2979,2979,1
2,1707,"COAL",2977,2977,2977,2977,2977,1
2,1708,"COAL",2974,2983,2974,2983,2977,6
2,1709,"COAL",2983,2983,2983,2983,2983,86
2,1710,"COAL",2985,2987,2987,2985,2985,35
2,1711,"COAL",2980,2980,2980,2980,2980,14
2,1712,"COAL",2977,2981,2980,2977,2980,32
2,1713,"COAL",2974,2974,2974,2974,2974,1
2,1714,"COAL",2971,2971,2971,2971,2971,1
2,1715,"COAL",2971,2981,2971,2981,2972,18
2,1716,"COAL",2981,2982,2981,2982,2981,86
2,1717,"COAL",2978,2982,2982,2978,2978,42
2,1718,"COAL",2978,2982,2982,2978,2978,0
2,1719,"COAL",2975,2975,2975,2975,2975,3
2,1720,"COAL",2972,2972,2972,2972,2972,2
2,1721,"COAL",2969,2979,2969,2979,2970,23
2,1722,"COAL",2979,2979,2979,2979,2979,84
2,1723,"COAL",2976,2976,2976,2976,2976,43
2,1724,"COAL",2976,2976,2976,2976,2976,0
2,1725,"COAL",2973,2973,2973,2973,2973,2
2,1726,"COAL",2970,2972,2972,2970,2970,33
2,1727,"COAL",2970,2970,2970,2970,2970,2
2,1728,"COAL",2967,2967,2967,2967,2967,1
2,1729,"COAL",2964,2964,2964,2964,2964,2
2,1730,"COAL",2975,2975,2975,2975,2975,30
2,1731,"COAL",2975,2976,2975,2976,2975,84
2,1732,"COAL",2972,2975,2975,2972,2972,43
2,1733,"COAL",2972,2972,2972,2972,2972,5
2,1734,"COAL",2972,2972,2972,2972,2972,0
2,1735,"COAL",2969,2973,2969,2973,2970,15
2,1736,"COAL",2973,2973,2973,2973,2973,83
2,1737,"COAL",2972,3002,3002,2972,2975,44
2,1738,"COAL",2969,2970,2970,2969,2969,3
2,1739,"COAL",2966,2969,2966,2969,2967,71
2,1740,"COAL",2966,2969,2966,2969,2966,8
2,1741,"COAL",2966,2966,2966,2966,2966,6
2,1742,"COAL",2971,2972,2972,2972,2971,38
2,1743,"COAL",2972,2972,2972,2972,2972,56
2,1744,"COAL",2971,3001,3001,2971,2974,35
2,1745,"COAL",2969,3001,2969,3001,2979,32
2,1746,"COAL",3001,3001,3001,3001,3001,1
2,1747,"COAL",2968,2968,2968,2968,2968,12
2,1748,"COAL",2968,2971,2968,2971,2969,28
2,1749,"COAL",2971,2971,2971,2971,2971,75
2,1750,"COAL",2968,2973,2973,2968,2972,11
2,1751,"COAL",2965,2965,2965,2965,2965,3
2,1752,"COAL",2965,3018,2965,3018,3016,31
2,1753,"COAL",2962,2962,2962,2962,2962,32
2,1754,"COAL",2970,2970,2970,2970,2970,7
2,1755,"COAL",2971,2971,2971,2971,2971,84
2,1756,"COAL",2970,2971,2971,2970,2970,5
2,1757,"COAL",2967,2967,2967,2967,2967,30
2,1758,"COAL",2967,2967,2967,2967,2967,1
2,1759,"COAL",2964,2964,2964,2964,2964,11
2,1760,"COAL",2964,2964,2964,2964,2964,30
2,1761,"COAL",2961,2961,2961,2961,2961,1
2,1762,"COAL",2961,2961,2961,2961,2961,0
2,1763,"COAL",2958,2970,2958,2970,2959,8
2,1764,"COAL",2970,2970,2970,2970,2970,87
2,1765,"COAL",2967,2972,2972,2967,2971,39
2,1766,"COAL",2964,2964,2964,2964,2964,6
2,1767,"COAL",2961,2961,2961,2961,2961,31
2,1768,"COAL",2961,2961,2961,2961,2961,0
2,1769,"COAL",2961,2961,2961,2961,2961,0
2,1770,"COAL",2958,2958,2958,2958,2958,31
2,1771,"COAL",2970,2970,2970,2970,2970,4
2,1772,"COAL",2971,2971,2971,2971,2971,85
2,1773,"COAL",2970,2971,2971,2970,2970,19
2,1774,"COAL",2967,2968,2968,2967,2967,31
2,1775,"COAL",2967,2968,2968,2967,2967,0
2,1776,"COAL",2964,2964,2964,2964,2964,31
2,1777,"COAL",2970,2970,2970,2970,2970,6
2,1778,"COAL",2971,2971,2971,2971,2971,84
2,1779,"COAL",2968,2970,2970,2968,2968,36
2,1780,"COAL",2968,2970,2970,2968,2968,0
2,1781,"COAL",2965,2965,2965,2965,2965,1
2,1782,"COAL",2962,2964,2964,2962,2962,31
2,1783,"COAL",2959,2970,2970,2959,2969,12
2,1784,"COAL",2956,2956,2956,2956,2956,4
2,1785,"COAL",2971,2971,2971,2971,2971,30
2,1786,"COAL",2971,2971,2971,2971,2971,58
2,1787,"COAL",2973,2973,2973,2973,2973,27
2,1788,"COAL",2968,2970,2968,2970,2968,34
2,1789,"COAL",2965,2970,2970,2965,2969,12
2,1790,"COAL",2965,2970,2970,2965,2969,0
2,1791,"COAL",2962,2971,2962,2971,2962,12
2,1792,"COAL",2971,2997,2971,2997,2973,95
2,1793,"COAL",2968,3000,2997,2968,2996,16
2,1794,"COAL",2968,2997,2968,2997,2976,43
2,1795,"COAL",2965,2965,2965,2965,2965,12
2,1796,"COAL",2965,2965,2965,2965,2965,0
2,1797,"COAL",2962,2962,2962,2962,2962,1
2,1798,"COAL",2971,3012,3012,2971,3008,13
2,1799,"COAL",2971,3000,2971,3000,2977,113
2,1800,"COAL",2971,2971,2971,2971,2971,1
2,1801,"COAL",2968,2968,2968,2968,2968,12
2,1802,"COAL",2968,2968,2968,2968,2968,30
2,1803,"COAL",2965,2965,2965,2965,2965,1
2,1804,"COAL",2965,2965,2965,2965,2965,0
2,1805,"COAL",2962,2970,2962,2970,2962,41
2,1806,"COAL",2970,2970,2970,2970,2970,84
2,1807,"COAL",2967,2968,2967,2968,2967,12
2,1808,"COAL",2967,2968,2967,2968,2967,0
2,1809,"COAL",2964,2964,2964,2964,2964,31
2,1810,"COAL",2962,2962,2962,2962,2962,1
2,1811,"COAL",2959,2959,2959,2959,2959,31
2,1812,"COAL",2958,2958,2958,2958,2958,9
2,1813,"COAL",2959,2968,2959,2968,2965,31
2,1814,"COAL",2968,2968,2968,2968,2968,66
2,1815,"COAL",2967,2970,2970,2967,2968,29
2,1816,"COAL",2964,2965,2965,2964,2964,45
2,1817,"COAL",2964,2965,2965,2964,2964,0
2,1818,"COAL",2961,2961,2961,2961,2961,1
2,1819,"COAL",2958,2961,2958,2961,2959,18
2,1820,"COAL",2967,2967,2967,2967,2967,10
2,1821,"COAL",2967,2967,2967,2967,2967,78
2,1822,"COAL",2964,2996,2969,2996,2976,70
2,1823,"COAL",2963,2963,2963,2963,2963,36
2,1824,"COAL",2963,2963,2963,2963,2963,36
2,1825,"COAL",2960,2996,2996,2966,2962,43
2,1826,"COAL",2958,2966,2965,2966,2964,13
2,1827,"COAL",2958,2958,2958,2958,2958,1
2,1828,"COAL",2958,2966,2958,2966,2965,32
2,1829,"COAL",2958,2958,2958,2958,2958,1
2,1830,"COAL",2958,2966,2958,2966,2965,13
2,1831,"COAL",2958,2965,2958,2965,2964,31
2,1832,"COAL",2964,2964,2964,2964,2964,1
2,1833,"COAL",2965,2965,2965,2965,2965,58
2,1834,"COAL",2966,2966,2966,2966,2966,27
2,1835,"COAL",2966,2994,2994,2966,2967,28
2,1836,"COAL",2963,2994,2966,2994,2974,43
2,1837,"COAL",2960,2963,2960,2963,2962,3
2,1838,"COAL",2964,2964,2964,2964,2964,84
2,1839,"COAL",2963,2993,2964,2963,2983,40
2,1840,"COAL",2963,2993,2964,2963,2983,0
2,1841,"COAL",2960,2960,2960,2960,2960,1
2,1842,"COAL",2960,2960,2960,2960,2960,34
2,1843,"COAL",2960,2964,2960,2964,2960,41
2,1844,"COAL",2964,2964,2964,2964,2964,85
2,1845,"COAL",2961,2961,2961,2961,2961,7
2,1846,"COAL",2961,2961,2961,2961,2961,1
2,1847,"COAL",2958,2958,2958,2958,2958,30
2,1848,"COAL",2955,2955,2955,2955,2955,1
2,1849,"COAL",2962,2962,2962,2962,2962,11
2,1850,"COAL",2952,2952,2952,2952,2952,31
2,1851,"COAL",2952,2952,2952,2952,2952,0
2,1852,"COAL",2949,2963,2949,2963,2956,6
2,1853,"COAL",2963,2992,2963,2992,2970,114
2,1854,"COAL",2992,2992,2992,2992,2992,1
2,1855,"COAL",2960,2960,2960,2960,2960,52
2,1856,"COAL",2957,2957,2957,2957,2957,1
2,1857,"COAL",2957,2957,2957,2957,2957,0
2,1858,"COAL",2954,2954,2954,2954,2954,31
2,1859,"COAL",2954,2954,2954,2954,2954,0
2,1860,"COAL",2954,2954,2954,2954,2954,0
2,1861,"COAL",2962,2962,2962,2962,2962,30
2,1862,"COAL",2962,2962,2962,2962,2962,58
2,1863,"COAL",2961,2991,2991,2961,2963,38
2,1864,"COAL",2961,2991,2991,2961,2963,0
2,1865,"COAL",2958,2958,2958,2958,2958,31
2,1866,"COAL",2956,2991,2957,2991,2976,52
2,1867,"COAL",2956,2958,2958,2956,2956,9
2,1868,"COAL",2961,2961,2961,2961,2961,8
2,1869,"COAL",2962,2962,2962,2962,2962,88
2,1870,"COAL",2959,2963,2963,2959,2962,31
2,1871,"COAL",2959,2963,2963,2959,2962,0
2,1872,"COAL",2956,2956,2956,2956,2956,45
2,1873,"COAL",2960,2960,2960,2960,2960,8
2,1874,"COAL",2961,2990,2961,2990,2967,114
2,1875,"COAL",2960,2990,2990,2960,2967,4
2,1876,"COAL",2960,2990,2990,2960,2967,0
2,1877,"COAL",2957,2957,2957,2957,2957,31
2,1878,"COAL",2957,2957,2957,2957,2957,0
2,1879,"COAL",2954,2954,2954,2954,2954,12
2,1880,"COAL",2951,2951,2951,2951,2951,30
2,1881,"COAL",2951,2951,2951,2951,2951,1
2,1882,"COAL",2951,2951,2951,2951,2951,0
2,1883,"COAL",2948,2960,2948,2960,2949,8
2,1884,"COAL",2960,2989,2960,2989,2966,114
2,1885,"COAL",2959,2960,2960,2959,2959,12
2,1886,"COAL",2959,2960,2960,2959,2959,0
2,1887,"COAL",2956,2956,2956,2956,2956,31
2,1888,"COAL",2956,2956,2956,2956,2956,0
2,1889,"COAL",2953,2953,2953,2953,2953,30
2,1890,"COAL",2950,2950,2950,2950,2950,2
2,1891,"COAL",2958,2958,2958,2958,2958,10
2,1892,"COAL",2959,2959,2959,2959,2959,84
2,1893,"COAL",2956,2959,2958,2956,2956,44
2,1894,"COAL",2953,2956,2956,2953,2953,32
2,1895,"COAL",2950,2950,2950,2950,2950,8
2,1896,"COAL",2959,2988,2959,2988,2984,30
2,1897,"COAL",2958,2958,2958,2958,2958,83
2,1898,"COAL",2957,2958,2957,2958,2957,13
2,1899,"COAL",2955,2955,2955,2955,2955,30
2,1900,"COAL",2952,2954,2953,2954,2952,42
2,1901,"COAL",2952,2952,2952,2952,2952,36
2,1902,"COAL",2952,3004,2952,2954,2986,40
2,1903,"COAL",2958,3004,3004,2958,2967,30
2,1904,"COAL",2958,2987,2958,2987,2965,85
2,1905,"COAL",2957,2957,2957,2957,2957,11
2,1906,"COAL",2954,2954,2954,2954,2954,30
2,1907,"COAL",2955,2955,2955,2955,2955,2
2,1908,"COAL",2951,2951,2951,2951,2951,2
2,1909,"COAL",2948,2956,2948,2956,2949,38
2,1910,"COAL",2957,2957,2957,2957,2957,84
2,1911,"COAL",2954,2956,2956,2954,2954,35
2,1912,"COAL",2951,2951,2951,2951,2951,11
2,1913,"COAL",2951,2951,2951,2951,2951,0
2,1914,"COAL",2948,2948,2948,2948,2948,30
2,1915,"COAL",2955,2955,2955,2955,2955,8
2,1916,"COAL",2956,2956,2956,2956,2956,88
2,1917,"COAL",2955,2957,2957,2955,2956,29
2,1918,"COAL",2955,2957,2957,2955,2956,0
2,1919,"COAL",2952,2952,2952,2952,2952,30
2,1920,"COAL",2952,2952,2952,2952,2952,2
2,1921,"COAL",2949,2955,2949,2955,2951,36
2,1922,"COAL",2955,2955,2955,2955,2955,75
2,1923,"COAL",2952,2957,2957,2952,2954,24
2,1924,"COAL",2952,2952,2952,2952,2952,2
2,1925,"COAL",2949,2949,2949,2949,2949,30
2,1926,"COAL",2949,2984,2949,2984,2981,32
2,1927,"COAL",2953,2953,2953,2953,2953,11
2,1928,"COAL",2946,2946,2946,2946,2946,2
2,1929,"COAL",2946,2954,2946,2954,2950,26
2,1930,"COAL",2954,2954,2954,2954,2954,75
2,1931,"COAL",2951,2956,2956,2951,2952,39
2,1932,"COAL",2948,2948,2948,2948,2948,2
2,1933,"COAL",2948,2952,2948,2952,2949,41
2,1934,"COAL",2948,2952,2948,2952,2949,0
2,1935,"COAL",2945,2945,2945,2945,2945,2
2,1936,"COAL",2953,2953,2953,2953,2953,2
2,1937,"COAL",2953,2982,2953,2982,2960,114
2,1938,"COAL",2950,2982,2982,2953,2973,42
2,1939,"COAL",2950,2951,2950,2951,2950,25
2,1940,"COAL",2947,2947,2947,2947,2947,2
2,1941,"COAL",2944,2945,2945,2944,2944,34
2,1942,"COAL",2941,2941,2941,2941,2941,2
2,1943,"COAL",2938,2952,2938,2952,2940,11
2,1944,"COAL",2952,2981,2952,2981,2959,114
2,1945,"COAL",2950,2951,2951,2950,2950,13
2,1946,"COAL",2950,2951,2951,2950,2950,0
2,1947,"COAL",2947,2947,2947,2947,2947,2
2,1948,"COAL",2997,2997,2997,2997,2997,30
2,1949,"COAL",2944,2944,2944,2944,2944,32
2,1950,"COAL",2944,2944,2944,2944,2944,0
2,1951,"COAL",2941,2941,2941,2941,2941,9
2,1952,"COAL",2950,2950,2950,2950,2950,30
2,1953,"COAL",2950,2950,2950,2950,2950,58
2,1954,"COAL",2949,2979,2979,2949,2965,64
2,1955,"COAL",2949,2979,2979,2949,2965,0
2,1956,"COAL",2946,2946,2946,2946,2946,2
2,1957,"COAL",2943,2948,2948,2943,2944,41
2,1958,"COAL",2940,2940,2940,2940,2940,2
2,1959,"COAL",2937,2949,2937,2949,2939,9
2,1960,"COAL",2949,2949,2949,2949,2949,86
2,1961,"COAL",2949,2951,2951,2949,2950,30
2,1962,"COAL",2946,2946,2946,2946,2946,2
2,1963,"COAL",2943,2948,2946,2948,2944,52
2,1964,"COAL",2949,2949,2949,2949,2949,88
2,1965,"COAL",2946,2949,2949,2946,2946,45
2,1966,"COAL",2978,2978,2978,2978,2978,2
2,1967,"COAL",2943,2943,2943,2943,2943,2
2,1968,"COAL",2943,2943,2943,2943,2943,0
2,1969,"COAL",2940,2940,2940,2940,2940,35
2,1970,"COAL",2948,2948,2948,2948,2948,30
2,1971,"COAL",2948,2948,2948,2948,2948,58
2,1972,"COAL",2947,2950,2950,2947,2949,36
2,1973,"COAL",2944,2944,2944,2944,2944,22
2,1974,"COAL",2944,2944,2944,2944,2944,25
2,1975,"COAL",2942,2944,2942,2944,2943,2
2,1976,"COAL",2947,2947,2947,2947,2947,30
2,1977,"COAL",2947,2947,2947,2947,2947,58
2,1978,"COAL",2946,2975,2949,2975,2957,86
2,1979,"COAL",2946,2975,2946,2975,2949,18
2,1980,"COAL",2946,2946,2946,2946,2946,14
2,1981,"COAL",2944,2975,2975,2944,2947,81
2,1982,"COAL",2942,2942,2942,2942,2942,32
2,1983,"COAL",2943,2946,2943,2946,2945,14
2,1984,"COAL",2942,2975,2946,2942,2952,61
2,1985,"COAL",2942,2946,2946,2942,2942,23
2,1986,"COAL",2939,2939,2939,2939,2939,2
2,1987,"COAL",2989,2989,2989,2989,2989,30
2,1988,"COAL",2945,2974,2945,2974,2952,115
2,1989,"COAL",2944,2974,2974,2944,2948,13
2,1990,"COAL",2942,2942,2942,2942,2942,11
2,1991,"COAL",2941,2941,2941,2941,2941,30
2,1992,"COAL",2938,2938,2938,2938,2938,2
2,1993,"COAL",2935,2944,2935,2944,2935,30
2,1994,"COAL",2944,2944,2944,2944,2944,86
2,1995,"COAL",2943,2943,2943,2943,2943,11
2,1996,"COAL",2941,2941,2941,2941,2941,32
2,1997,"COAL",2941,2941,2941,2941,2941,0
2,1998,"COAL",2938,2938,2938,2938,2938,32
2,1999,"COAL",2941,2941,2941,2941,2941,9
